Apache Maven 3.9.16 (2bdd9fddda4b155ebf8000e807eb73fd829a51d5)
Maven home: C:\Users\acer\.m2\wrapper\dists\apache-maven-3.9.16\0daed3be3ebd1c706f0e69e8b07c6b73f5cc4ea3dfce72a8d0ec2e849ca2ddb0
Java version: 21.0.11, vendor: Oracle Corporation, runtime: C:\Program Files\Java\jdk-21.0.11
Default locale: en_US, platform encoding: UTF-8
OS name: "windows 11", version: "10.0", arch: "amd64", family: "windows"
[DEBUG] Created new class realm maven.api
[DEBUG] Importing foreign packages into class realm maven.api
[DEBUG]   Imported: javax.annotation.* < plexus.core
[DEBUG]   Imported: javax.annotation.security.* < plexus.core
[DEBUG]   Imported: javax.inject.* < plexus.core
[DEBUG]   Imported: org.apache.maven.* < plexus.core
[DEBUG]   Imported: org.apache.maven.artifact < plexus.core
[DEBUG]   Imported: org.apache.maven.classrealm < plexus.core
[DEBUG]   Imported: org.apache.maven.cli < plexus.core
[DEBUG]   Imported: org.apache.maven.configuration < plexus.core
[DEBUG]   Imported: org.apache.maven.exception < plexus.core
[DEBUG]   Imported: org.apache.maven.execution < plexus.core
[DEBUG]   Imported: org.apache.maven.execution.scope < plexus.core
[DEBUG]   Imported: org.apache.maven.graph < plexus.core
[DEBUG]   Imported: org.apache.maven.lifecycle < plexus.core
[DEBUG]   Imported: org.apache.maven.model < plexus.core
[DEBUG]   Imported: org.apache.maven.monitor < plexus.core
[DEBUG]   Imported: org.apache.maven.plugin < plexus.core
[DEBUG]   Imported: org.apache.maven.profiles < plexus.core
[DEBUG]   Imported: org.apache.maven.project < plexus.core
[DEBUG]   Imported: org.apache.maven.reporting < plexus.core
[DEBUG]   Imported: org.apache.maven.repository < plexus.core
[DEBUG]   Imported: org.apache.maven.rtinfo < plexus.core
[DEBUG]   Imported: org.apache.maven.settings < plexus.core
[DEBUG]   Imported: org.apache.maven.toolchain < plexus.core
[DEBUG]   Imported: org.apache.maven.usability < plexus.core
[DEBUG]   Imported: org.apache.maven.wagon.* < plexus.core
[DEBUG]   Imported: org.apache.maven.wagon.authentication < plexus.core
[DEBUG]   Imported: org.apache.maven.wagon.authorization < plexus.core
[DEBUG]   Imported: org.apache.maven.wagon.events < plexus.core
[DEBUG]   Imported: org.apache.maven.wagon.observers < plexus.core
[DEBUG]   Imported: org.apache.maven.wagon.proxy < plexus.core
[DEBUG]   Imported: org.apache.maven.wagon.repository < plexus.core
[DEBUG]   Imported: org.apache.maven.wagon.resource < plexus.core
[DEBUG]   Imported: org.codehaus.classworlds < plexus.core
[DEBUG]   Imported: org.codehaus.plexus.* < plexus.core
[DEBUG]   Imported: org.codehaus.plexus.classworlds < plexus.core
[DEBUG]   Imported: org.codehaus.plexus.component < plexus.core
[DEBUG]   Imported: org.codehaus.plexus.configuration < plexus.core
[DEBUG]   Imported: org.codehaus.plexus.container < plexus.core
[DEBUG]   Imported: org.codehaus.plexus.context < plexus.core
[DEBUG]   Imported: org.codehaus.plexus.lifecycle < plexus.core
[DEBUG]   Imported: org.codehaus.plexus.logging < plexus.core
[DEBUG]   Imported: org.codehaus.plexus.personality < plexus.core
[DEBUG]   Imported: org.codehaus.plexus.util.xml.Xpp3Dom < plexus.core
[DEBUG]   Imported: org.codehaus.plexus.util.xml.pull.XmlPullParser < plexus.core
[DEBUG]   Imported: org.codehaus.plexus.util.xml.pull.XmlPullParserException < plexus.core
[DEBUG]   Imported: org.codehaus.plexus.util.xml.pull.XmlSerializer < plexus.core
[DEBUG]   Imported: org.eclipse.aether.* < plexus.core
[DEBUG]   Imported: org.eclipse.aether.artifact < plexus.core
[DEBUG]   Imported: org.eclipse.aether.collection < plexus.core
[DEBUG]   Imported: org.eclipse.aether.deployment < plexus.core
[DEBUG]   Imported: org.eclipse.aether.graph < plexus.core
[DEBUG]   Imported: org.eclipse.aether.impl < plexus.core
[DEBUG]   Imported: org.eclipse.aether.installation < plexus.core
[DEBUG]   Imported: org.eclipse.aether.internal.impl < plexus.core
[DEBUG]   Imported: org.eclipse.aether.metadata < plexus.core
[DEBUG]   Imported: org.eclipse.aether.repository < plexus.core
[DEBUG]   Imported: org.eclipse.aether.resolution < plexus.core
[DEBUG]   Imported: org.eclipse.aether.spi < plexus.core
[DEBUG]   Imported: org.eclipse.aether.transfer < plexus.core
[DEBUG]   Imported: org.eclipse.aether.util < plexus.core
[DEBUG]   Imported: org.eclipse.aether.version < plexus.core
[DEBUG]   Imported: org.fusesource.jansi.* < plexus.core
[DEBUG]   Imported: org.slf4j.* < plexus.core
[DEBUG]   Imported: org.slf4j.event.* < plexus.core
[DEBUG]   Imported: org.slf4j.helpers.* < plexus.core
[DEBUG]   Imported: org.slf4j.spi.* < plexus.core
[DEBUG] Populating class realm maven.api
[DEBUG] Created adapter factory; available factories [file-lock, rwlock-local, semaphore-local, noop]; available name mappers [discriminating, file-gaecv, file-gav, file-hgaecv, file-hgav, file-static, gaecv, gav, static]
[INFO] Error stacktraces are turned on.
[DEBUG] Message scheme: color
[DEBUG] Message styles: debug info warning error success failure strong mojo project
[DEBUG] Reading global settings from C:\Users\acer\.m2\wrapper\dists\apache-maven-3.9.16\0daed3be3ebd1c706f0e69e8b07c6b73f5cc4ea3dfce72a8d0ec2e849ca2ddb0\conf\settings.xml
[DEBUG] Reading user settings from C:\Users\acer\.m2\settings.xml
[DEBUG] Reading global toolchains from C:\Users\acer\.m2\wrapper\dists\apache-maven-3.9.16\0daed3be3ebd1c706f0e69e8b07c6b73f5cc4ea3dfce72a8d0ec2e849ca2ddb0\conf\toolchains.xml
[DEBUG] Reading user toolchains from C:\Users\acer\.m2\toolchains.xml
[DEBUG] Using local repository at C:\Users\acer\.m2\repository
[DEBUG] Using manager EnhancedLocalRepositoryManager with priority 10.0 for C:\Users\acer\.m2\repository
[INFO] Scanning for projects...
[DEBUG] Creating adapter using nameMapper 'gaecv' and factory 'rwlock-local'
[DEBUG] Extension realms for project com.krushna:movie-booking-platform:pom:1.0.0-SNAPSHOT: (none)
[DEBUG] Looking up lifecycle mappings for packaging pom from ClassRealm[plexus.core, parent: null]
[DEBUG] Extension realms for project org.springframework.boot:spring-boot-starter-parent:pom:4.1.0: (none)
[DEBUG] Looking up lifecycle mappings for packaging pom from ClassRealm[plexus.core, parent: null]
[DEBUG] Extension realms for project org.springframework.boot:spring-boot-dependencies:pom:4.1.0: (none)
[DEBUG] Looking up lifecycle mappings for packaging pom from ClassRealm[plexus.core, parent: null]
[DEBUG] Extension realms for project com.krushna:common:jar:1.0.0-SNAPSHOT: (none)
[DEBUG] Looking up lifecycle mappings for packaging jar from ClassRealm[plexus.core, parent: null]
[DEBUG] Extension realms for project com.krushna:gateway-service:jar:1.0.0-SNAPSHOT: (none)
[DEBUG] Looking up lifecycle mappings for packaging jar from ClassRealm[plexus.core, parent: null]
[DEBUG] Extension realms for project com.krushna:auth-service:jar:1.0.0-SNAPSHOT: (none)
[DEBUG] Looking up lifecycle mappings for packaging jar from ClassRealm[plexus.core, parent: null]
[DEBUG] Extension realms for project com.krushna:movie-service:jar:1.0.0-SNAPSHOT: (none)
[DEBUG] Looking up lifecycle mappings for packaging jar from ClassRealm[plexus.core, parent: null]
[DEBUG] Extension realms for project com.krushna:theatre-service:jar:1.0.0-SNAPSHOT: (none)
[DEBUG] Looking up lifecycle mappings for packaging jar from ClassRealm[plexus.core, parent: null]
[DEBUG] Extension realms for project com.krushna:show-service:jar:1.0.0-SNAPSHOT: (none)
[DEBUG] Looking up lifecycle mappings for packaging jar from ClassRealm[plexus.core, parent: null]
[DEBUG] Extension realms for project com.krushna:booking-service:jar:1.0.0-SNAPSHOT: (none)
[DEBUG] Looking up lifecycle mappings for packaging jar from ClassRealm[plexus.core, parent: null]
[DEBUG] Extension realms for project com.krushna:payment-service:jar:1.0.0-SNAPSHOT: (none)
[DEBUG] Looking up lifecycle mappings for packaging jar from ClassRealm[plexus.core, parent: null]
[DEBUG] Extension realms for project com.krushna:notification-service:jar:1.0.0-SNAPSHOT: (none)
[DEBUG] Looking up lifecycle mappings for packaging jar from ClassRealm[plexus.core, parent: null]
[INFO] ------------------------------------------------------------------------
[INFO] Reactor Build Order:
[INFO] 
[INFO] movie-booking-platform                                             [pom]
[INFO] common                                                             [jar]
[INFO] booking-service                                                    [jar]
[DEBUG] === REACTOR BUILD PLAN ================================================
[DEBUG] Project: com.krushna:movie-booking-platform:pom:1.0.0-SNAPSHOT
[DEBUG] Tasks:   [clean, compile]
[DEBUG] Style:   Regular
[DEBUG] -----------------------------------------------------------------------
[DEBUG] Project: com.krushna:common:jar:1.0.0-SNAPSHOT
[DEBUG] Tasks:   [clean, compile]
[DEBUG] Style:   Regular
[DEBUG] -----------------------------------------------------------------------
[DEBUG] Project: com.krushna:booking-service:jar:1.0.0-SNAPSHOT
[DEBUG] Tasks:   [clean, compile]
[DEBUG] Style:   Regular
[DEBUG] =======================================================================
[INFO] 
[INFO] -----------------< com.krushna:movie-booking-platform >-----------------
[INFO] Building movie-booking-platform 1.0.0-SNAPSHOT                     [1/3]
[INFO]   from pom.xml
[INFO] --------------------------------[ pom ]---------------------------------
[DEBUG] Lifecycle clean -> [pre-clean, clean, post-clean]
[DEBUG] Lifecycle default -> [validate, initialize, generate-sources, process-sources, generate-resources, process-resources, compile, process-classes, generate-test-sources, process-test-sources, generate-test-resources, process-test-resources, test-compile, process-test-classes, test, prepare-package, package, pre-integration-test, integration-test, post-integration-test, verify, install, deploy]
[DEBUG] Lifecycle site -> [pre-site, site, post-site, site-deploy]
[DEBUG] Lifecycle clean -> [pre-clean, clean, post-clean]
[DEBUG] Lifecycle default -> [validate, initialize, generate-sources, process-sources, generate-resources, process-resources, compile, process-classes, generate-test-sources, process-test-sources, generate-test-resources, process-test-resources, test-compile, process-test-classes, test, prepare-package, package, pre-integration-test, integration-test, post-integration-test, verify, install, deploy]
[DEBUG] Lifecycle site -> [pre-site, site, post-site, site-deploy]
[DEBUG] Lifecycle clean -> [pre-clean, clean, post-clean]
[DEBUG] Lifecycle default -> [validate, initialize, generate-sources, process-sources, generate-resources, process-resources, compile, process-classes, generate-test-sources, process-test-sources, generate-test-resources, process-test-resources, test-compile, process-test-classes, test, prepare-package, package, pre-integration-test, integration-test, post-integration-test, verify, install, deploy]
[DEBUG] Lifecycle site -> [pre-site, site, post-site, site-deploy]
[DEBUG] === PROJECT BUILD PLAN ================================================
[DEBUG] Project:       com.krushna:movie-booking-platform:1.0.0-SNAPSHOT
[DEBUG] Dependencies (collect): []
[DEBUG] Dependencies (resolve): []
[DEBUG] Repositories (dependencies): [central (https://repo.maven.apache.org/maven2, default, releases)]
[DEBUG] Repositories (plugins)     : [central (https://repo.maven.apache.org/maven2, default, releases)]
[DEBUG] -----------------------------------------------------------------------
[DEBUG] Goal:          org.apache.maven.plugins:maven-clean-plugin:3.5.0:clean (default-clean)
[DEBUG] Style:         Regular
[DEBUG] Configuration: <?xml version="1.0" encoding="UTF-8"?>
<configuration>
  <directory default-value="${project.build.directory}"/>
  <excludeDefaultDirectories default-value="false">${maven.clean.excludeDefaultDirectories}</excludeDefaultDirectories>
  <failOnError default-value="true">${maven.clean.failOnError}</failOnError>
  <fast default-value="false">${maven.clean.fast}</fast>
  <fastDir>${maven.clean.fastDir}</fastDir>
  <fastMode default-value="background">${maven.clean.fastMode}</fastMode>
  <followSymLinks default-value="false">${maven.clean.followSymLinks}</followSymLinks>
  <force default-value="false">${maven.clean.force}</force>
  <outputDirectory default-value="${project.build.outputDirectory}"/>
  <reportDirectory default-value="${project.build.outputDirectory}"/>
  <retryOnError default-value="true">${maven.clean.retryOnError}</retryOnError>
  <session default-value="${session}"/>
  <skip default-value="false">${maven.clean.skip}</skip>
  <testOutputDirectory default-value="${project.build.testOutputDirectory}"/>
  <verbose>${maven.clean.verbose}</verbose>
</configuration>
[DEBUG] =======================================================================
[INFO] 
[INFO] --- clean:3.5.0:clean (default-clean) @ movie-booking-platform ---
[DEBUG] Dependency collection stats {ConflictMarker.analyzeTime=1587200, ConflictMarker.markTime=158300, ConflictMarker.nodeCount=2, ConflictIdSorter.graphTime=820500, ConflictIdSorter.topsortTime=754400, ConflictIdSorter.conflictIdCount=2, ConflictIdSorter.conflictIdCycleCount=0, ConflictResolver.totalTime=6291200, ConflictResolver.conflictItemCount=2, DfDependencyCollector.collectTime=17811600, DfDependencyCollector.transformTime=12485900}
[DEBUG] org.apache.maven.plugins:maven-clean-plugin:jar:3.5.0
[DEBUG]    org.codehaus.plexus:plexus-utils:jar:4.0.2:compile
[DEBUG] Created new class realm plugin>org.apache.maven.plugins:maven-clean-plugin:3.5.0
[DEBUG] Importing foreign packages into class realm plugin>org.apache.maven.plugins:maven-clean-plugin:3.5.0
[DEBUG]   Imported:  < maven.api
[DEBUG] Populating class realm plugin>org.apache.maven.plugins:maven-clean-plugin:3.5.0
[DEBUG]   Included: org.apache.maven.plugins:maven-clean-plugin:jar:3.5.0
[DEBUG]   Included: org.codehaus.plexus:plexus-utils:jar:4.0.2
[DEBUG] Loading mojo org.apache.maven.plugins:maven-clean-plugin:3.5.0:clean from plugin realm ClassRealm[plugin>org.apache.maven.plugins:maven-clean-plugin:3.5.0, parent: jdk.internal.loader.ClassLoaders$AppClassLoader@33909752]
[DEBUG] Configuring mojo execution 'org.apache.maven.plugins:maven-clean-plugin:3.5.0:clean:default-clean' with basic configurator -->
[DEBUG]   (f) directory = C:\Users\acer\Downloads\booking-system\booking-system\target
[DEBUG]   (f) excludeDefaultDirectories = false
[DEBUG]   (f) failOnError = true
[DEBUG]   (f) fast = false
[DEBUG]   (f) fastMode = background
[DEBUG]   (f) followSymLinks = false
[DEBUG]   (f) force = false
[DEBUG]   (f) outputDirectory = C:\Users\acer\Downloads\booking-system\booking-system\target\classes
[DEBUG]   (f) reportDirectory = C:\Users\acer\Downloads\booking-system\booking-system\target\classes
[DEBUG]   (f) retryOnError = true
[DEBUG]   (f) session = org.apache.maven.execution.MavenSession@38792286
[DEBUG]   (f) skip = false
[DEBUG]   (f) testOutputDirectory = C:\Users\acer\Downloads\booking-system\booking-system\target\test-classes
[DEBUG] -- end configuration --
[DEBUG] Skipping non-existing directory C:\Users\acer\Downloads\booking-system\booking-system\target
[DEBUG] Skipping non-existing directory C:\Users\acer\Downloads\booking-system\booking-system\target\classes
[DEBUG] Skipping non-existing directory C:\Users\acer\Downloads\booking-system\booking-system\target\test-classes
[DEBUG] Skipping non-existing directory C:\Users\acer\Downloads\booking-system\booking-system\target\classes
[INFO] 
[INFO] -------------------------< com.krushna:common >-------------------------
[INFO] Building common 1.0.0-SNAPSHOT                                     [2/3]
[INFO]   from common\pom.xml
[INFO] --------------------------------[ jar ]---------------------------------
[DEBUG] Lifecycle clean -> [pre-clean, clean, post-clean]
[DEBUG] Lifecycle default -> [validate, initialize, generate-sources, process-sources, generate-resources, process-resources, compile, process-classes, generate-test-sources, process-test-sources, generate-test-resources, process-test-resources, test-compile, process-test-classes, test, prepare-package, package, pre-integration-test, integration-test, post-integration-test, verify, install, deploy]
[DEBUG] Lifecycle site -> [pre-site, site, post-site, site-deploy]
[DEBUG] Lifecycle clean -> [pre-clean, clean, post-clean]
[DEBUG] Lifecycle default -> [validate, initialize, generate-sources, process-sources, generate-resources, process-resources, compile, process-classes, generate-test-sources, process-test-sources, generate-test-resources, process-test-resources, test-compile, process-test-classes, test, prepare-package, package, pre-integration-test, integration-test, post-integration-test, verify, install, deploy]
[DEBUG] Lifecycle site -> [pre-site, site, post-site, site-deploy]
[DEBUG] Lifecycle clean -> [pre-clean, clean, post-clean]
[DEBUG] Lifecycle default -> [validate, initialize, generate-sources, process-sources, generate-resources, process-resources, compile, process-classes, generate-test-sources, process-test-sources, generate-test-resources, process-test-resources, test-compile, process-test-classes, test, prepare-package, package, pre-integration-test, integration-test, post-integration-test, verify, install, deploy]
[DEBUG] Lifecycle site -> [pre-site, site, post-site, site-deploy]
[DEBUG] Lifecycle clean -> [pre-clean, clean, post-clean]
[DEBUG] Lifecycle default -> [validate, initialize, generate-sources, process-sources, generate-resources, process-resources, compile, process-classes, generate-test-sources, process-test-sources, generate-test-resources, process-test-resources, test-compile, process-test-classes, test, prepare-package, package, pre-integration-test, integration-test, post-integration-test, verify, install, deploy]
[DEBUG] Lifecycle site -> [pre-site, site, post-site, site-deploy]
[DEBUG] Lifecycle clean -> [pre-clean, clean, post-clean]
[DEBUG] Lifecycle default -> [validate, initialize, generate-sources, process-sources, generate-resources, process-resources, compile, process-classes, generate-test-sources, process-test-sources, generate-test-resources, process-test-resources, test-compile, process-test-classes, test, prepare-package, package, pre-integration-test, integration-test, post-integration-test, verify, install, deploy]
[DEBUG] Lifecycle site -> [pre-site, site, post-site, site-deploy]
[DEBUG] === PROJECT BUILD PLAN ================================================
[DEBUG] Project:       com.krushna:common:1.0.0-SNAPSHOT
[DEBUG] Dependencies (collect): []
[DEBUG] Dependencies (resolve): [compile]
[DEBUG] Repositories (dependencies): [central (https://repo.maven.apache.org/maven2, default, releases)]
[DEBUG] Repositories (plugins)     : [central (https://repo.maven.apache.org/maven2, default, releases)]
[DEBUG] -----------------------------------------------------------------------
[DEBUG] Goal:          org.apache.maven.plugins:maven-clean-plugin:3.5.0:clean (default-clean)
[DEBUG] Style:         Regular
[DEBUG] Configuration: <?xml version="1.0" encoding="UTF-8"?>
<configuration>
  <directory default-value="${project.build.directory}"/>
  <excludeDefaultDirectories default-value="false">${maven.clean.excludeDefaultDirectories}</excludeDefaultDirectories>
  <failOnError default-value="true">${maven.clean.failOnError}</failOnError>
  <fast default-value="false">${maven.clean.fast}</fast>
  <fastDir>${maven.clean.fastDir}</fastDir>
  <fastMode default-value="background">${maven.clean.fastMode}</fastMode>
  <followSymLinks default-value="false">${maven.clean.followSymLinks}</followSymLinks>
  <force default-value="false">${maven.clean.force}</force>
  <outputDirectory default-value="${project.build.outputDirectory}"/>
  <reportDirectory default-value="${project.build.outputDirectory}"/>
  <retryOnError default-value="true">${maven.clean.retryOnError}</retryOnError>
  <session default-value="${session}"/>
  <skip default-value="false">${maven.clean.skip}</skip>
  <testOutputDirectory default-value="${project.build.testOutputDirectory}"/>
  <verbose>${maven.clean.verbose}</verbose>
</configuration>
[DEBUG] -----------------------------------------------------------------------
[DEBUG] Goal:          org.apache.maven.plugins:maven-resources-plugin:3.5.0:resources (default-resources)
[DEBUG] Style:         Regular
[DEBUG] Configuration: <?xml version="1.0" encoding="UTF-8"?>
<configuration>
  <addDefaultExcludes default-value="true"/>
  <buildFilters default-value="${project.build.filters}"/>
  <delimiters>
    <delimiter>@</delimiter>
  </delimiters>
  <encoding default-value="${project.build.sourceEncoding}"/>
  <escapeWindowsPaths default-value="true"/>
  <fileNameFiltering default-value="false"/>
  <includeEmptyDirs default-value="false"/>
  <outputDirectory default-value="${project.build.outputDirectory}"/>
  <overwrite default-value="false"/>
  <project default-value="${project}"/>
  <propertiesEncoding>UTF-8</propertiesEncoding>
  <resources default-value="${project.resources}"/>
  <session default-value="${session}"/>
  <skip default-value="false">${maven.resources.skip}</skip>
  <supportMultiLineFiltering default-value="false"/>
  <useBuildFilters default-value="true"/>
  <useDefaultDelimiters default-value="true">false</useDefaultDelimiters>
</configuration>
[DEBUG] -----------------------------------------------------------------------
[DEBUG] Goal:          org.apache.maven.plugins:maven-compiler-plugin:3.13.0:compile (default-compile)
[DEBUG] Style:         Regular
[DEBUG] Configuration: <?xml version="1.0" encoding="UTF-8"?>
<configuration>
  <annotationProcessorPaths>
    <path>
      <groupId>org.projectlombok</groupId>
      <artifactId>lombok</artifactId>
      <version>1.18.38</version>
    </path>
    <path>
      <groupId>org.mapstruct</groupId>
      <artifactId>mapstruct-processor</artifactId>
      <version>1.6.3</version>
    </path>
    <path>
      <groupId>org.projectlombok</groupId>
      <artifactId>lombok-mapstruct-binding</artifactId>
      <version>0.2.0</version>
    </path>
  </annotationProcessorPaths>
  <annotationProcessorPathsUseDepMgmt default-value="false"/>
  <basedir default-value="${basedir}"/>
  <buildDirectory default-value="${project.build.directory}"/>
  <compilePath default-value="${project.compileClasspathElements}"/>
  <compileSourceRoots default-value="${project.compileSourceRoots}"/>
  <compilerId default-value="javac">${maven.compiler.compilerId}</compilerId>
  <compilerReuseStrategy default-value="${reuseCreated}">${maven.compiler.compilerReuseStrategy}</compilerReuseStrategy>
  <compilerVersion>${maven.compiler.compilerVersion}</compilerVersion>
  <createMissingPackageInfoClass default-value="true">${maven.compiler.createMissingPackageInfoClass}</createMissingPackageInfoClass>
  <debug default-value="true">${maven.compiler.debug}</debug>
  <debugFileName default-value="javac"/>
  <debuglevel>${maven.compiler.debuglevel}</debuglevel>
  <enablePreview default-value="false">${maven.compiler.enablePreview}</enablePreview>
  <encoding default-value="${project.build.sourceEncoding}">${encoding}</encoding>
  <executable>${maven.compiler.executable}</executable>
  <failOnError default-value="true">${maven.compiler.failOnError}</failOnError>
  <failOnWarning default-value="false">${maven.compiler.failOnWarning}</failOnWarning>
  <fileExtensions default-value="class,jar"/>
  <forceJavacCompilerUse default-value="false">${maven.compiler.forceJavacCompilerUse}</forceJavacCompilerUse>
  <forceLegacyJavacApi default-value="false">${maven.compiler.forceLegacyJavacApi}</forceLegacyJavacApi>
  <fork default-value="false">${maven.compiler.fork}</fork>
  <generatedSourcesDirectory default-value="${project.build.directory}/generated-sources/annotations"/>
  <implicit>${maven.compiler.implicit}</implicit>
  <maxmem>${maven.compiler.maxmem}</maxmem>
  <meminitial>${maven.compiler.meminitial}</meminitial>
  <mojoExecution default-value="${mojoExecution}"/>
  <optimize default-value="false">${maven.compiler.optimize}</optimize>
  <outputDirectory default-value="${project.build.outputDirectory}">${maven.compiler.outputDirectory}</outputDirectory>
  <outputTimestamp default-value="${project.build.outputTimestamp}"/>
  <parameters default-value="false">true</parameters>
  <proc>full</proc>
  <project default-value="${project}"/>
  <projectArtifact default-value="${project.artifact}"/>
  <release>21</release>
  <session default-value="${session}"/>
  <showCompilationChanges default-value="false">${maven.compiler.showCompilationChanges}</showCompilationChanges>
  <showDeprecation default-value="false">${maven.compiler.showDeprecation}</showDeprecation>
  <showWarnings default-value="true">${maven.compiler.showWarnings}</showWarnings>
  <skipMain>${maven.main.skip}</skipMain>
  <skipMultiThreadWarning default-value="false">${maven.compiler.skipMultiThreadWarning}</skipMultiThreadWarning>
  <source default-value="1.8">${maven.compiler.source}</source>
  <staleMillis default-value="0">${lastModGranularityMs}</staleMillis>
  <target default-value="1.8">${maven.compiler.target}</target>
  <useIncrementalCompilation default-value="true">${maven.compiler.useIncrementalCompilation}</useIncrementalCompilation>
  <verbose default-value="false">${maven.compiler.verbose}</verbose>
</configuration>
[DEBUG] =======================================================================
[DEBUG] Using mirror maven-default-http-blocker (http://0.0.0.0/) for vaadin-snapshots (http://oss.sonatype.org/content/repositories/vaadin-snapshots/).
[DEBUG] Using mirror maven-default-http-blocker (http://0.0.0.0/) for vaadin-releases (http://oss.sonatype.org/content/repositories/vaadin-releases/).
[DEBUG] Dependency collection stats {ConflictMarker.analyzeTime=2286100, ConflictMarker.markTime=761700, ConflictMarker.nodeCount=291, ConflictIdSorter.graphTime=692000, ConflictIdSorter.topsortTime=222100, ConflictIdSorter.conflictIdCount=127, ConflictIdSorter.conflictIdCycleCount=0, ConflictResolver.totalTime=49200900, ConflictResolver.conflictItemCount=256, DfDependencyCollector.collectTime=4053188400, DfDependencyCollector.transformTime=54822200}
[DEBUG] com.krushna:common:jar:1.0.0-SNAPSHOT
[DEBUG]    org.springframework.boot:spring-boot-starter-web:jar:4.1.0:compile
[DEBUG]       org.springframework.boot:spring-boot-starter-jackson:jar:4.1.0:compile (version managed from 4.1.0)
[DEBUG]          org.springframework.boot:spring-boot-jackson:jar:4.1.0:compile (version managed from 4.1.0)
[DEBUG]             tools.jackson.core:jackson-databind:jar:3.1.4:compile (version managed from 3.1.4)
[DEBUG]                tools.jackson.core:jackson-core:jar:3.1.4:compile (version managed from 3.1.4)
[DEBUG]       org.springframework.boot:spring-boot-starter-tomcat:jar:4.1.0:compile (version managed from 4.1.0)
[DEBUG]          org.springframework.boot:spring-boot-starter-tomcat-runtime:jar:4.1.0:compile (version managed from 4.1.0)
[DEBUG]             org.springframework.boot:spring-boot-web-server:jar:4.1.0:compile (version managed from 4.1.0)
[DEBUG]             org.apache.tomcat.embed:tomcat-embed-core:jar:11.0.22:compile (version managed from 11.0.22)
[DEBUG]             org.apache.tomcat.embed:tomcat-embed-websocket:jar:11.0.22:compile (version managed from 11.0.22)
[DEBUG]          org.springframework.boot:spring-boot-tomcat:jar:4.1.0:compile (version managed from 4.1.0)
[DEBUG]       org.springframework.boot:spring-boot-http-converter:jar:4.1.0:compile (version managed from 4.1.0)
[DEBUG]          org.springframework.boot:spring-boot:jar:4.1.0:compile (version managed from 4.1.0)
[DEBUG]          org.springframework:spring-web:jar:7.0.8:compile (version managed from 7.0.8)
[DEBUG]       org.springframework.boot:spring-boot-webmvc:jar:4.1.0:compile (version managed from 4.1.0)
[DEBUG]          org.springframework.boot:spring-boot-servlet:jar:4.1.0:compile (version managed from 4.1.0)
[DEBUG]          org.springframework:spring-webmvc:jar:7.0.8:compile (version managed from 7.0.8)
[DEBUG]    org.springframework.boot:spring-boot-starter-validation:jar:4.1.0:compile
[DEBUG]       org.springframework.boot:spring-boot-validation:jar:4.1.0:compile (version managed from 4.1.0)
[DEBUG]          org.apache.tomcat.embed:tomcat-embed-el:jar:11.0.22:compile (version managed from 11.0.22)
[DEBUG]          org.hibernate.validator:hibernate-validator:jar:9.1.0.Final:compile (version managed from 9.1.0.Final)
[DEBUG]             jakarta.validation:jakarta.validation-api:jar:3.1.1:compile (version managed from 3.1.1)
[DEBUG]             org.jboss.logging:jboss-logging:jar:3.6.3.Final:compile (version managed from 3.6.1.Final)
[DEBUG]             com.fasterxml:classmate:jar:1.7.3:compile (version managed from 1.7.1)
[DEBUG]    org.springframework.kafka:spring-kafka:jar:4.1.0:compile
[DEBUG]       org.springframework:spring-context:jar:7.0.8:compile (version managed from 7.0.8)
[DEBUG]          org.springframework:spring-aop:jar:7.0.8:compile (version managed from 7.0.8)
[DEBUG]          org.springframework:spring-beans:jar:7.0.8:compile (version managed from 7.0.8)
[DEBUG]          org.springframework:spring-expression:jar:7.0.8:compile (version managed from 7.0.8)
[DEBUG]       org.springframework:spring-messaging:jar:7.0.8:compile (version managed from 7.0.8)
[DEBUG]       org.springframework:spring-tx:jar:7.0.8:compile (version managed from 7.0.8)
[DEBUG]       org.apache.kafka:kafka-clients:jar:4.2.1:compile (version managed from 4.2.1)
[DEBUG]          com.github.luben:zstd-jni:jar:1.5.6-10:runtime
[DEBUG]          at.yawk.lz4:lz4-java:jar:1.10.1:runtime
[DEBUG]          org.xerial.snappy:snappy-java:jar:1.1.10.7:runtime
[DEBUG]          org.slf4j:slf4j-api:jar:2.0.18:compile (version managed from 1.7.36)
[DEBUG]       io.micrometer:micrometer-observation:jar:1.17.0:compile (version managed from 1.17.0)
[DEBUG]          org.jspecify:jspecify:jar:1.0.0:compile (version managed from 1.0.0)
[DEBUG]          io.micrometer:micrometer-commons:jar:1.17.0:compile (version managed from 1.17.0)
[DEBUG]       com.github.spotbugs:spotbugs-annotations:jar:4.9.8:runtime
[DEBUG]          com.google.code.findbugs:jsr305:jar:3.0.2:runtime
[DEBUG]    org.springdoc:springdoc-openapi-starter-webmvc-ui:jar:2.6.0:compile
[DEBUG]       org.springdoc:springdoc-openapi-starter-webmvc-api:jar:2.6.0:compile
[DEBUG]          org.springdoc:springdoc-openapi-starter-common:jar:2.6.0:compile
[DEBUG]             io.swagger.core.v3:swagger-core-jakarta:jar:2.2.22:compile
[DEBUG]                org.apache.commons:commons-lang3:jar:3.20.0:compile (version managed from 3.14.0)
[DEBUG]                io.swagger.core.v3:swagger-annotations-jakarta:jar:2.2.22:compile
[DEBUG]                io.swagger.core.v3:swagger-models-jakarta:jar:2.2.22:compile
[DEBUG]                com.fasterxml.jackson.dataformat:jackson-dataformat-yaml:jar:2.21.4:compile (version managed from 2.16.2)
[DEBUG]                com.fasterxml.jackson.datatype:jackson-datatype-jsr310:jar:2.21.4:compile (version managed from 2.16.2)
[DEBUG]       org.webjars:swagger-ui:jar:5.17.14:compile
[DEBUG]    org.springframework.boot:spring-boot-starter-data-jpa:jar:4.1.0:compile
[DEBUG]       org.springframework.boot:spring-boot-starter-jdbc:jar:4.1.0:compile (version managed from 4.1.0)
[DEBUG]          com.zaxxer:HikariCP:jar:7.0.2:compile (version managed from 7.0.2)
[DEBUG]       org.springframework.boot:spring-boot-data-jpa:jar:4.1.0:compile (version managed from 4.1.0)
[DEBUG]          org.springframework.boot:spring-boot-data-commons:jar:4.1.0:compile (version managed from 4.1.0)
[DEBUG]             org.springframework.boot:spring-boot-persistence:jar:4.1.0:compile (version managed from 4.1.0)
[DEBUG]             org.springframework.data:spring-data-commons:jar:4.1.0:compile (version managed from 4.1.0)
[DEBUG]          org.springframework.boot:spring-boot-hibernate:jar:4.1.0:compile (version managed from 4.1.0)
[DEBUG]             org.springframework.boot:spring-boot-jpa:jar:4.1.0:compile (version managed from 4.1.0)
[DEBUG]                jakarta.persistence:jakarta.persistence-api:jar:3.2.0:compile (version managed from 3.2.0)
[DEBUG]             org.hibernate.orm:hibernate-core:jar:7.4.1.Final:compile (version managed from 7.4.1.Final)
[DEBUG]                jakarta.transaction:jakarta.transaction-api:jar:2.0.1:compile (version managed from 2.0.1)
[DEBUG]                org.hibernate.models:hibernate-models:jar:1.1.1:runtime
[DEBUG]                org.glassfish.jaxb:jaxb-runtime:jar:4.0.9:runtime (version managed from 4.0.7)
[DEBUG]                   org.glassfish.jaxb:jaxb-core:jar:4.0.9:runtime (version managed from 4.0.9)
[DEBUG]                      org.eclipse.angus:angus-activation:jar:2.0.3:runtime
[DEBUG]                      org.glassfish.jaxb:txw2:jar:4.0.9:runtime (version managed from 4.0.9)
[DEBUG]                      com.sun.istack:istack-commons-runtime:jar:4.1.2:runtime
[DEBUG]                jakarta.inject:jakarta.inject-api:jar:2.0.1:runtime (version managed from 2.0.1)
[DEBUG]             org.springframework:spring-orm:jar:7.0.8:compile (version managed from 7.0.8)
[DEBUG]          org.springframework.data:spring-data-jpa:jar:4.1.0:compile (version managed from 4.1.0)
[DEBUG]             org.antlr:antlr4-runtime:jar:4.13.2:compile
[DEBUG]          org.springframework:spring-aspects:jar:7.0.8:compile (version managed from 7.0.8)
[DEBUG]             org.aspectj:aspectjweaver:jar:1.9.25.1:compile (version managed from 1.9.25)
[DEBUG]       org.springframework.boot:spring-boot-jdbc:jar:4.1.0:compile (version managed from 4.1.0)
[DEBUG]          org.springframework.boot:spring-boot-sql:jar:4.1.0:compile (version managed from 4.1.0)
[DEBUG]          org.springframework.boot:spring-boot-transaction:jar:4.1.0:compile (version managed from 4.1.0)
[DEBUG]          org.springframework:spring-jdbc:jar:7.0.8:compile (version managed from 7.0.8)
[DEBUG]    io.jsonwebtoken:jjwt-api:jar:0.12.6:compile
[DEBUG]    io.jsonwebtoken:jjwt-impl:jar:0.12.6:runtime
[DEBUG]    io.jsonwebtoken:jjwt-jackson:jar:0.12.6:runtime
[DEBUG]       com.fasterxml.jackson.core:jackson-databind:jar:2.21.4:compile (version managed from 2.12.7.1)
[DEBUG]          com.fasterxml.jackson.core:jackson-annotations:jar:2.21:compile (version managed from 2.21)
[DEBUG]          com.fasterxml.jackson.core:jackson-core:jar:2.21.4:compile (version managed from 2.21.4)
[DEBUG]    org.springframework.boot:spring-boot-starter:jar:4.1.0:compile
[DEBUG]       org.springframework.boot:spring-boot-starter-logging:jar:4.1.0:compile (version managed from 4.1.0)
[DEBUG]          ch.qos.logback:logback-classic:jar:1.5.34:compile (version managed from 1.5.34)
[DEBUG]             ch.qos.logback:logback-core:jar:1.5.34:compile (version managed from 1.5.34)
[DEBUG]          org.apache.logging.log4j:log4j-to-slf4j:jar:2.25.4:compile (version managed from 2.25.4)
[DEBUG]             org.apache.logging.log4j:log4j-api:jar:2.25.4:compile (version managed from 2.25.4)
[DEBUG]          org.slf4j:jul-to-slf4j:jar:2.0.18:compile (version managed from 2.0.18)
[DEBUG]       org.springframework.boot:spring-boot-autoconfigure:jar:4.1.0:compile (version managed from 4.1.0)
[DEBUG]       jakarta.annotation:jakarta.annotation-api:jar:3.0.0:compile (version managed from 3.0.0)
[DEBUG]       org.yaml:snakeyaml:jar:2.6:compile (version managed from 2.6)
[DEBUG]    org.springframework.boot:spring-boot-starter-test:jar:4.1.0:test
[DEBUG]       org.springframework.boot:spring-boot-test:jar:4.1.0:test (version managed from 4.1.0)
[DEBUG]       org.springframework.boot:spring-boot-test-autoconfigure:jar:4.1.0:test (version managed from 4.1.0)
[DEBUG]       com.jayway.jsonpath:json-path:jar:2.10.0:test (version managed from 2.10.0)
[DEBUG]       jakarta.xml.bind:jakarta.xml.bind-api:jar:4.0.5:compile (version managed from 4.0.5)
[DEBUG]          jakarta.activation:jakarta.activation-api:jar:2.1.4:compile (version managed from 2.1.4)
[DEBUG]       net.minidev:json-smart:jar:2.6.0:test (version managed from 2.6.0)
[DEBUG]          net.minidev:accessors-smart:jar:2.6.0:test
[DEBUG]             org.ow2.asm:asm:jar:9.7.1:test
[DEBUG]       org.assertj:assertj-core:jar:3.27.7:test (version managed from 3.27.7)
[DEBUG]          net.bytebuddy:byte-buddy:jar:1.18.10:runtime (version managed from 1.18.3)
[DEBUG]       org.awaitility:awaitility:jar:4.3.0:test (version managed from 4.3.0)
[DEBUG]       org.hamcrest:hamcrest:jar:3.0:test (version managed from 3.0)
[DEBUG]       org.junit.jupiter:junit-jupiter:jar:6.0.3:test (version managed from 6.0.3)
[DEBUG]          org.junit.jupiter:junit-jupiter-api:jar:6.0.3:test (version managed from 6.0.3)
[DEBUG]             org.opentest4j:opentest4j:jar:1.3.0:test
[DEBUG]             org.junit.platform:junit-platform-commons:jar:6.0.3:test (version managed from 6.0.3)
[DEBUG]             org.apiguardian:apiguardian-api:jar:1.1.2:test
[DEBUG]          org.junit.jupiter:junit-jupiter-params:jar:6.0.3:test (version managed from 6.0.3)
[DEBUG]          org.junit.jupiter:junit-jupiter-engine:jar:6.0.3:test (version managed from 6.0.3)
[DEBUG]             org.junit.platform:junit-platform-engine:jar:6.0.3:test (version managed from 6.0.3)
[DEBUG]       org.mockito:mockito-core:jar:5.23.0:test (version managed from 5.23.0)
[DEBUG]          net.bytebuddy:byte-buddy-agent:jar:1.18.10:test (version managed from 1.17.7)
[DEBUG]          org.objenesis:objenesis:jar:3.3:test
[DEBUG]       org.mockito:mockito-junit-jupiter:jar:5.23.0:test (version managed from 5.23.0)
[DEBUG]       org.skyscreamer:jsonassert:jar:1.5.3:test (version managed from 1.5.3)
[DEBUG]          com.vaadin.external.google:android-json:jar:0.0.20131108.vaadin1:test
[DEBUG]       org.springframework:spring-core:jar:7.0.8:compile (version managed from 7.0.8)
[DEBUG]          commons-logging:commons-logging:jar:1.3.6:compile (version managed from 1.3.5)
[DEBUG]       org.springframework:spring-test:jar:7.0.8:test (version managed from 7.0.8)
[DEBUG]       org.xmlunit:xmlunit-core:jar:2.11.0:test (version managed from 2.11.0)
[DEBUG]    org.projectlombok:lombok:jar:1.18.38:provided
[INFO] 
[INFO] --- clean:3.5.0:clean (default-clean) @ common ---
[DEBUG] Loading mojo org.apache.maven.plugins:maven-clean-plugin:3.5.0:clean from plugin realm ClassRealm[plugin>org.apache.maven.plugins:maven-clean-plugin:3.5.0, parent: jdk.internal.loader.ClassLoaders$AppClassLoader@33909752]
[DEBUG] Configuring mojo execution 'org.apache.maven.plugins:maven-clean-plugin:3.5.0:clean:default-clean' with basic configurator -->
[DEBUG]   (f) directory = C:\Users\acer\Downloads\booking-system\booking-system\common\target
[DEBUG]   (f) excludeDefaultDirectories = false
[DEBUG]   (f) failOnError = true
[DEBUG]   (f) fast = false
[DEBUG]   (f) fastMode = background
[DEBUG]   (f) followSymLinks = false
[DEBUG]   (f) force = false
[DEBUG]   (f) outputDirectory = C:\Users\acer\Downloads\booking-system\booking-system\common\target\classes
[DEBUG]   (f) reportDirectory = C:\Users\acer\Downloads\booking-system\booking-system\common\target\classes
[DEBUG]   (f) retryOnError = true
[DEBUG]   (f) session = org.apache.maven.execution.MavenSession@38792286
[DEBUG]   (f) skip = false
[DEBUG]   (f) testOutputDirectory = C:\Users\acer\Downloads\booking-system\booking-system\common\target\test-classes
[DEBUG] -- end configuration --
[INFO] Deleting C:\Users\acer\Downloads\booking-system\booking-system\common\target
[INFO] Deleting file C:\Users\acer\Downloads\booking-system\booking-system\common\target\classes\application-dev.yml
[INFO] Deleting file C:\Users\acer\Downloads\booking-system\booking-system\common\target\classes\application-prod.yml
[INFO] Deleting file C:\Users\acer\Downloads\booking-system\booking-system\common\target\classes\application.yml
[INFO] Deleting file C:\Users\acer\Downloads\booking-system\booking-system\common\target\classes\com\krushna\moviebooking\common\CommonModuleApplication.class
[INFO] Deleting file C:\Users\acer\Downloads\booking-system\booking-system\common\target\classes\com\krushna\moviebooking\common\config\CommonConfig.class
[INFO] Deleting directory C:\Users\acer\Downloads\booking-system\booking-system\common\target\classes\com\krushna\moviebooking\common\config
[INFO] Deleting file C:\Users\acer\Downloads\booking-system\booking-system\common\target\classes\com\krushna\moviebooking\common\constant\CommonConstants.class
[INFO] Deleting directory C:\Users\acer\Downloads\booking-system\booking-system\common\target\classes\com\krushna\moviebooking\common\constant
[INFO] Deleting file C:\Users\acer\Downloads\booking-system\booking-system\common\target\classes\com\krushna\moviebooking\common\controller\CommonController.class
[INFO] Deleting directory C:\Users\acer\Downloads\booking-system\booking-system\common\target\classes\com\krushna\moviebooking\common\controller
[INFO] Deleting file C:\Users\acer\Downloads\booking-system\booking-system\common\target\classes\com\krushna\moviebooking\common\dto\ApiResponse$ApiResponseBuilder.class
[INFO] Deleting file C:\Users\acer\Downloads\booking-system\booking-system\common\target\classes\com\krushna\moviebooking\common\dto\ApiResponse.class
[INFO] Deleting file C:\Users\acer\Downloads\booking-system\booking-system\common\target\classes\com\krushna\moviebooking\common\dto\ErrorResponse$ErrorResponseBuilder.class
[INFO] Deleting file C:\Users\acer\Downloads\booking-system\booking-system\common\target\classes\com\krushna\moviebooking\common\dto\ErrorResponse.class
[INFO] Deleting file C:\Users\acer\Downloads\booking-system\booking-system\common\target\classes\com\krushna\moviebooking\common\dto\PagedResponse.class
[INFO] Deleting file C:\Users\acer\Downloads\booking-system\booking-system\common\target\classes\com\krushna\moviebooking\common\dto\request\CreateCommonRequest.class
[INFO] Deleting directory C:\Users\acer\Downloads\booking-system\booking-system\common\target\classes\com\krushna\moviebooking\common\dto\request
[INFO] Deleting file C:\Users\acer\Downloads\booking-system\booking-system\common\target\classes\com\krushna\moviebooking\common\dto\response\CommonResponse.class
[INFO] Deleting directory C:\Users\acer\Downloads\booking-system\booking-system\common\target\classes\com\krushna\moviebooking\common\dto\response
[INFO] Deleting directory C:\Users\acer\Downloads\booking-system\booking-system\common\target\classes\com\krushna\moviebooking\common\dto
[INFO] Deleting file C:\Users\acer\Downloads\booking-system\booking-system\common\target\classes\com\krushna\moviebooking\common\enums\CommonStatus.class
[INFO] Deleting directory C:\Users\acer\Downloads\booking-system\booking-system\common\target\classes\com\krushna\moviebooking\common\enums
[INFO] Deleting file C:\Users\acer\Downloads\booking-system\booking-system\common\target\classes\com\krushna\moviebooking\common\event\BookingEvents$BookingCancelledEvent.class
[INFO] Deleting file C:\Users\acer\Downloads\booking-system\booking-system\common\target\classes\com\krushna\moviebooking\common\event\BookingEvents$BookingConfirmedEvent.class
[INFO] Deleting file C:\Users\acer\Downloads\booking-system\booking-system\common\target\classes\com\krushna\moviebooking\common\event\BookingEvents.class
[INFO] Deleting file C:\Users\acer\Downloads\booking-system\booking-system\common\target\classes\com\krushna\moviebooking\common\event\PaymentEvents$PaymentFailedEvent.class
[INFO] Deleting file C:\Users\acer\Downloads\booking-system\booking-system\common\target\classes\com\krushna\moviebooking\common\event\PaymentEvents$PaymentSuccessEvent.class
[INFO] Deleting file C:\Users\acer\Downloads\booking-system\booking-system\common\target\classes\com\krushna\moviebooking\common\event\PaymentEvents.class
[INFO] Deleting directory C:\Users\acer\Downloads\booking-system\booking-system\common\target\classes\com\krushna\moviebooking\common\event
[INFO] Deleting file C:\Users\acer\Downloads\booking-system\booking-system\common\target\classes\com\krushna\moviebooking\common\exception\BaseGlobalExceptionHandler.class
[INFO] Deleting file C:\Users\acer\Downloads\booking-system\booking-system\common\target\classes\com\krushna\moviebooking\common\exception\CommonException.class
[INFO] Deleting directory C:\Users\acer\Downloads\booking-system\booking-system\common\target\classes\com\krushna\moviebooking\common\exception
[INFO] Deleting file C:\Users\acer\Downloads\booking-system\booking-system\common\target\classes\com\krushna\moviebooking\common\kafka\consumer\CommonEventConsumer.class
[INFO] Deleting directory C:\Users\acer\Downloads\booking-system\booking-system\common\target\classes\com\krushna\moviebooking\common\kafka\consumer
[INFO] Deleting file C:\Users\acer\Downloads\booking-system\booking-system\common\target\classes\com\krushna\moviebooking\common\kafka\event\CommonEvent.class
[INFO] Deleting directory C:\Users\acer\Downloads\booking-system\booking-system\common\target\classes\com\krushna\moviebooking\common\kafka\event
[INFO] Deleting file C:\Users\acer\Downloads\booking-system\booking-system\common\target\classes\com\krushna\moviebooking\common\kafka\producer\CommonEventProducer.class
[INFO] Deleting directory C:\Users\acer\Downloads\booking-system\booking-system\common\target\classes\com\krushna\moviebooking\common\kafka\producer
[INFO] Deleting directory C:\Users\acer\Downloads\booking-system\booking-system\common\target\classes\com\krushna\moviebooking\common\kafka
[INFO] Deleting file C:\Users\acer\Downloads\booking-system\booking-system\common\target\classes\com\krushna\moviebooking\common\mapper\CommonMapper.class
[INFO] Deleting directory C:\Users\acer\Downloads\booking-system\booking-system\common\target\classes\com\krushna\moviebooking\common\mapper
[INFO] Deleting file C:\Users\acer\Downloads\booking-system\booking-system\common\target\classes\com\krushna\moviebooking\common\redis\CommonRedisRepository.class
[INFO] Deleting directory C:\Users\acer\Downloads\booking-system\booking-system\common\target\classes\com\krushna\moviebooking\common\redis
[INFO] Deleting file C:\Users\acer\Downloads\booking-system\booking-system\common\target\classes\com\krushna\moviebooking\common\scheduler\CommonScheduler.class
[INFO] Deleting directory C:\Users\acer\Downloads\booking-system\booking-system\common\target\classes\com\krushna\moviebooking\common\scheduler
[INFO] Deleting file C:\Users\acer\Downloads\booking-system\booking-system\common\target\classes\com\krushna\moviebooking\common\security\JwtClaims.class
[INFO] Deleting file C:\Users\acer\Downloads\booking-system\booking-system\common\target\classes\com\krushna\moviebooking\common\security\SecurityConfig.class
[INFO] Deleting directory C:\Users\acer\Downloads\booking-system\booking-system\common\target\classes\com\krushna\moviebooking\common\security
[INFO] Deleting file C:\Users\acer\Downloads\booking-system\booking-system\common\target\classes\com\krushna\moviebooking\common\service\CommonService.class
[INFO] Deleting file C:\Users\acer\Downloads\booking-system\booking-system\common\target\classes\com\krushna\moviebooking\common\service\impl\CommonServiceImpl.class
[INFO] Deleting directory C:\Users\acer\Downloads\booking-system\booking-system\common\target\classes\com\krushna\moviebooking\common\service\impl
[INFO] Deleting directory C:\Users\acer\Downloads\booking-system\booking-system\common\target\classes\com\krushna\moviebooking\common\service
[INFO] Deleting file C:\Users\acer\Downloads\booking-system\booking-system\common\target\classes\com\krushna\moviebooking\common\util\CommonUtils.class
[INFO] Deleting directory C:\Users\acer\Downloads\booking-system\booking-system\common\target\classes\com\krushna\moviebooking\common\util
[INFO] Deleting file C:\Users\acer\Downloads\booking-system\booking-system\common\target\classes\com\krushna\moviebooking\common\validator\CommonValidator.class
[INFO] Deleting directory C:\Users\acer\Downloads\booking-system\booking-system\common\target\classes\com\krushna\moviebooking\common\validator
[INFO] Deleting directory C:\Users\acer\Downloads\booking-system\booking-system\common\target\classes\com\krushna\moviebooking\common
[INFO] Deleting directory C:\Users\acer\Downloads\booking-system\booking-system\common\target\classes\com\krushna\moviebooking
[INFO] Deleting directory C:\Users\acer\Downloads\booking-system\booking-system\common\target\classes\com\krushna
[INFO] Deleting directory C:\Users\acer\Downloads\booking-system\booking-system\common\target\classes\com
[INFO] Deleting file C:\Users\acer\Downloads\booking-system\booking-system\common\target\classes\db\migration\V1__init_schema.sql
[INFO] Deleting directory C:\Users\acer\Downloads\booking-system\booking-system\common\target\classes\db\migration
[INFO] Deleting directory C:\Users\acer\Downloads\booking-system\booking-system\common\target\classes\db
[INFO] Deleting directory C:\Users\acer\Downloads\booking-system\booking-system\common\target\classes
[INFO] Deleting directory C:\Users\acer\Downloads\booking-system\booking-system\common\target\generated-sources\annotations
[INFO] Deleting directory C:\Users\acer\Downloads\booking-system\booking-system\common\target\generated-sources
[INFO] Deleting file C:\Users\acer\Downloads\booking-system\booking-system\common\target\maven-status\maven-compiler-plugin\compile\default-compile\createdFiles.lst
[INFO] Deleting file C:\Users\acer\Downloads\booking-system\booking-system\common\target\maven-status\maven-compiler-plugin\compile\default-compile\inputFiles.lst
[INFO] Deleting directory C:\Users\acer\Downloads\booking-system\booking-system\common\target\maven-status\maven-compiler-plugin\compile\default-compile
[INFO] Deleting directory C:\Users\acer\Downloads\booking-system\booking-system\common\target\maven-status\maven-compiler-plugin\compile
[INFO] Deleting directory C:\Users\acer\Downloads\booking-system\booking-system\common\target\maven-status\maven-compiler-plugin
[INFO] Deleting directory C:\Users\acer\Downloads\booking-system\booking-system\common\target\maven-status
[INFO] Deleting directory C:\Users\acer\Downloads\booking-system\booking-system\common\target
[DEBUG] Skipping non-existing directory C:\Users\acer\Downloads\booking-system\booking-system\common\target\classes
[DEBUG] Skipping non-existing directory C:\Users\acer\Downloads\booking-system\booking-system\common\target\test-classes
[DEBUG] Skipping non-existing directory C:\Users\acer\Downloads\booking-system\booking-system\common\target\classes
[INFO] 
[INFO] --- resources:3.5.0:resources (default-resources) @ common ---
[DEBUG] Dependency collection stats {ConflictMarker.analyzeTime=478400, ConflictMarker.markTime=55300, ConflictMarker.nodeCount=12, ConflictIdSorter.graphTime=3119300, ConflictIdSorter.topsortTime=53300, ConflictIdSorter.conflictIdCount=9, ConflictIdSorter.conflictIdCycleCount=0, ConflictResolver.totalTime=605900, ConflictResolver.conflictItemCount=12, DfDependencyCollector.collectTime=570019700, DfDependencyCollector.transformTime=4366400}
[DEBUG] org.apache.maven.plugins:maven-resources-plugin:jar:3.5.0
[DEBUG]    org.apache.maven.shared:maven-filtering:jar:3.5.0:compile
[DEBUG]       org.slf4j:slf4j-api:jar:1.7.36:compile
[DEBUG]       org.codehaus.plexus:plexus-build-api:jar:1.2.0:compile
[DEBUG]          javax.inject:javax.inject:jar:1:compile
[DEBUG]          org.sonatype.plexus:plexus-build-api:jar:0.0.7:compile
[DEBUG]          org.eclipse.sisu:org.eclipse.sisu.plexus:jar:0.9.0.M4:compile (version managed from default)
[DEBUG]       org.codehaus.plexus:plexus-interpolation:jar:1.29:compile
[DEBUG]    org.codehaus.plexus:plexus-utils:jar:3.6.0:compile
[DEBUG] Created new class realm plugin>org.apache.maven.plugins:maven-resources-plugin:3.5.0
[DEBUG] Importing foreign packages into class realm plugin>org.apache.maven.plugins:maven-resources-plugin:3.5.0
[DEBUG]   Imported:  < maven.api
[DEBUG] Populating class realm plugin>org.apache.maven.plugins:maven-resources-plugin:3.5.0
[DEBUG]   Included: org.apache.maven.plugins:maven-resources-plugin:jar:3.5.0
[DEBUG]   Included: org.apache.maven.shared:maven-filtering:jar:3.5.0
[DEBUG]   Included: org.codehaus.plexus:plexus-build-api:jar:1.2.0
[DEBUG]   Included: org.sonatype.plexus:plexus-build-api:jar:0.0.7
[DEBUG]   Included: org.codehaus.plexus:plexus-interpolation:jar:1.29
[DEBUG]   Included: org.codehaus.plexus:plexus-utils:jar:3.6.0
[DEBUG] Loading mojo org.apache.maven.plugins:maven-resources-plugin:3.5.0:resources from plugin realm ClassRealm[plugin>org.apache.maven.plugins:maven-resources-plugin:3.5.0, parent: jdk.internal.loader.ClassLoaders$AppClassLoader@33909752]
[DEBUG] Configuring mojo execution 'org.apache.maven.plugins:maven-resources-plugin:3.5.0:resources:default-resources' with basic configurator -->
[DEBUG]   (f) addDefaultExcludes = true
[DEBUG]   (f) buildFilters = []
[DEBUG]   (s) delimiters = [@]
[DEBUG]   (f) encoding = UTF-8
[DEBUG]   (f) escapeWindowsPaths = true
[DEBUG]   (f) fileNameFiltering = false
[DEBUG]   (s) includeEmptyDirs = false
[DEBUG]   (s) outputDirectory = C:\Users\acer\Downloads\booking-system\booking-system\common\target\classes
[DEBUG]   (s) overwrite = false
[DEBUG]   (f) project = MavenProject: com.krushna:common:1.0.0-SNAPSHOT @ C:\Users\acer\Downloads\booking-system\booking-system\common\pom.xml
[DEBUG]   (f) propertiesEncoding = UTF-8
[DEBUG]   (s) resources = [Resource {targetPath: null, filtering: true, FileSet {directory: C:\Users\acer\Downloads\booking-system\booking-system\common\src\main\resources, PatternSet [includes: {**/application*.yml, **/application*.yaml, **/application*.properties}, excludes: {}]}}, Resource {targetPath: null, filtering: false, FileSet {directory: C:\Users\acer\Downloads\booking-system\booking-system\common\src\main\resources, PatternSet [includes: {}, excludes: {**/application*.yml, **/application*.yaml, **/application*.properties}]}}]
[DEBUG]   (f) session = org.apache.maven.execution.MavenSession@38792286
[DEBUG]   (f) skip = false
[DEBUG]   (f) supportMultiLineFiltering = false
[DEBUG]   (f) useBuildFilters = true
[DEBUG]   (s) useDefaultDelimiters = false
[DEBUG] -- end configuration --
[DEBUG] properties used:
[DEBUG] activemq.version: 6.2.6
[DEBUG] angus-mail.version: 2.0.5
[DEBUG] artemis.version: 2.53.0
[DEBUG] aspectj.version: 1.9.25.1
[DEBUG] assertj.version: 3.27.7
[DEBUG] awaitility.version: 4.3.0
[DEBUG] brave.version: 6.3.1
[DEBUG] build-helper-maven-plugin.version: 3.6.1
[DEBUG] byte-buddy.version: 1.18.10
[DEBUG] cache2k.version: 2.6.1.Final
[DEBUG] caffeine.version: 3.2.4
[DEBUG] cassandra-driver.version: 4.19.3
[DEBUG] classmate.version: 1.7.3
[DEBUG] classworlds.conf: C:\Users\acer\.m2\wrapper\dists\apache-maven-3.9.16\0daed3be3ebd1c706f0e69e8b07c6b73f5cc4ea3dfce72a8d0ec2e849ca2ddb0\bin\m2.conf
[DEBUG] commons-codec.version: 1.21.0
[DEBUG] commons-dbcp2.version: 2.14.0
[DEBUG] commons-lang3.version: 3.20.0
[DEBUG] commons-logging.version: 1.3.6
[DEBUG] commons-pool.version: 1.6
[DEBUG] commons-pool2.version: 2.13.1
[DEBUG] couchbase-client.version: 3.11.3
[DEBUG] crac.version: 1.5.0
[DEBUG] cyclonedx-maven-plugin.version: 2.9.1
[DEBUG] db2-jdbc.version: 12.1.4.0
[DEBUG] dependency-management-plugin.version: 1.1.7
[DEBUG] derby.version: 10.16.1.1
[DEBUG] ehcache3.version: 3.12.0
[DEBUG] elasticsearch-client.version: 9.4.2
[DEBUG] env.=::: ::\
[DEBUG] env.=C:: C:\Users\acer\Downloads\booking-system\booking-system
[DEBUG] env.=EXITCODE: 00000000
[DEBUG] env.AI_AGENT: github_copilot_vscode_agent
[DEBUG] env.ALLUSERSPROFILE: C:\ProgramData
[DEBUG] env.APPDATA: C:\Users\acer\AppData\Roaming
[DEBUG] env.BUNDLED_DEBUGPY_PATH: c:\Users\acer\.vscode\extensions\ms-python.debugpy-2026.6.0-win32-x64\bundled\libs\debugpy
[DEBUG] env.CHOCOLATEYINSTALL: C:\ProgramData\chocolatey
[DEBUG] env.CHOCOLATEYLASTPATHUPDATE: 134277356689596430
[DEBUG] env.CHROME_CRASHPAD_PIPE_NAME: \\.\pipe\crashpad_10268_SNZTJEZGAETYQQXK
[DEBUG] env.CLASSWORLDS_JAR: "C:\Users\acer\.m2\wrapper\dists\apache-maven-3.9.16\0daed3be3ebd1c706f0e69e8b07c6b73f5cc4ea3dfce72a8d0ec2e849ca2ddb0\boot\plexus-classworlds-2.11.0.jar"
[DEBUG] env.CLASSWORLDS_LAUNCHER: org.codehaus.plexus.classworlds.launcher.Launcher
[DEBUG] env.COLORTERM: truecolor
[DEBUG] env.COMMONPROGRAMFILES: C:\Program Files\Common Files
[DEBUG] env.COMMONPROGRAMFILES(X86): C:\Program Files (x86)\Common Files
[DEBUG] env.COMMONPROGRAMW6432: C:\Program Files\Common Files
[DEBUG] env.COMPUTERNAME: DESKTOP-1G9PIIV
[DEBUG] env.COMSPEC: C:\Windows\system32\cmd.exe
[DEBUG] env.COPILOT_AGENT: 1
[DEBUG] env.COPILOT_DEBUG_NONCE: 990920fe9729ed0d1535c82dfca95f4c
[DEBUG] env.DEBIAN_FRONTEND: noninteractive
[DEBUG] env.DRIVERDATA: C:\Windows\System32\Drivers\DriverData
[DEBUG] env.EFC_21928_1262719628: 1
[DEBUG] env.EFC_21928_1592913036: 1
[DEBUG] env.EFC_21928_2283032206: 1
[DEBUG] env.EFC_21928_2775293581: 1
[DEBUG] env.EFC_21928_3789132940: 1
[DEBUG] env.ERROR_CODE: 0
[DEBUG] env.EXEC_DIR: C:\Users\acer\Downloads\booking-system\booking-system
[DEBUG] env.FPS_BROWSER_APP_PROFILE_STRING: Internet Explorer
[DEBUG] env.FPS_BROWSER_USER_PROFILE_STRING: Default
[DEBUG] env.GIT_ASKPASS: c:\Users\acer\AppData\Roaming\Code\User\globalStorage\vscode.git\askpass\70789581cae28aa7\askpass.sh
[DEBUG] env.GIT_EDITOR: :
[DEBUG] env.GIT_MERGE_AUTOEDIT: no
[DEBUG] env.GIT_PAGER: cat
[DEBUG] env.HOMEDRIVE: C:
[DEBUG] env.HOMEPATH: \Users\acer
[DEBUG] env.INTELLIJ IDEA COMMUNITY EDITION: C:\Program Files\JetBrains\IntelliJ IDEA Community Edition 2025.2.5\bin
[DEBUG] env.INTERNAL_MAVEN_OPTS: --enable-native-access=ALL-UNNAMED 
[DEBUG] env.JAVACMD: C:\Program Files\Java\jdk-21.0.11\bin\java.exe
[DEBUG] env.JAVA_HOME: C:\Program Files\Java\jdk-21.0.11
[DEBUG] env.JVMCONFIG: \.mvn\jvm.config
[DEBUG] env.LANG: en_US.UTF-8
[DEBUG] env.LOCALAPPDATA: C:\Users\acer\AppData\Local
[DEBUG] env.LOGONSERVER: \\DESKTOP-1G9PIIV
[DEBUG] env.MAVEN_CMD_LINE_ARGS: -pl booking-service -am -DskipTests clean compile -X
[DEBUG] env.MAVEN_HOME: C:\Users\acer\.m2\wrapper\dists\apache-maven-3.9.16\0daed3be3ebd1c706f0e69e8b07c6b73f5cc4ea3dfce72a8d0ec2e849ca2ddb0
[DEBUG] env.MAVEN_PROJECTBASEDIR: C:\Users\acer\Downloads\booking-system\booking-system
[DEBUG] env.NUMBER_OF_PROCESSORS: 12
[DEBUG] env.ONEDRIVE: C:\Users\acer\OneDrive
[DEBUG] env.OS: Windows_NT
[DEBUG] env.PATH: c:\Users\acer\AppData\Roaming\Code\User\globalStorage\github.copilot-chat\debugCommand;c:\Users\acer\AppData\Roaming\Code\User\globalStorage\github.copilot-chat\copilotCli;C:\Program Files\Common Files\Oracle\Java\javapath;C:\Windows\system32;C:\Windows;C:\Windows\System32\Wbem;C:\Windows\System32\WindowsPowerShell\v1.0\;C:\Windows\System32\OpenSSH\;C:\Program Files\dotnet\;C:\Program Files (x86)\NVIDIA Corporation\PhysX\Common;C:\Program Files\Git\cmd;C:\Program Files\Git\mingw64\bin;C:\Program Files\Git\usr\bin;C:\Users\acer\Downloads\maven-mvnd-1.0.3-windows-amd64.tar.gz;C:\Program Files\Java\jdk-25\bin;C:\Program Files\apache-maven-3.9.11\bin;C:\Program Files\apache-maven-3.9.11\bin;C:\Program Files\nodejs\;C:\Users\acer\Downloads\opencv\build\java\x64;C:\Program Files\Java\jdk-25\bin;;C:\Program Files\Docker\Docker\resources\bin;C:\ProgramData\chocolatey\bin;C:\Program Files\Redis\;C:\Program Files\MySQL\MySQL Shell 8.0\bin\;C:\Users\acer\AppData\Local\Microsoft\WindowsApps;C:\Users\acer\AppData\Local\Programs\Microsoft VS Code\bin;C:\Users\acer\Downloads\maven-mvnd-1.0.3-windows-amd64.tar.gz;C:\Program Files\JetBrains\IntelliJ IDEA Community Edition 2025.2.5\bin;C:\Program Files\apache-maven-3.9.11\bin;C:\Users\acer\AppData\Roaming\npm;C:\Users\acer\AppData\Local\Programs\mongosh\;C:\Users\acer\Downloads\opencv\build\java\x64;C:\Program Files\Java\jdk-17\bin;C:\Users\acer\AppData\Local\Programs\Antigravity\bin;C:\Users\acer\AppData\Local\Programs\cursor\resources\app\bin;C:\Users\acer\AppData\Local\Programs\Windsurf\bin;C:\Users\acer\AppData\Local\Programs\Antigravity IDE\bin;C:\Users\acer\AppData\Local\Programs\Devin\bin;C:\Users\acer\AppData\Local\GitHubDesktop\bin;C:\ProgramData\acer\GitHubDesktop\bin;c:\Users\acer\.vscode\extensions\vscjava.vscode-java-debug-0.59.0\bundled\scripts\noConfigScripts;c:\Users\acer\.vscode\extensions\ms-python.debugpy-2026.6.0-win32-x64\bundled\scripts\noConfigScripts
[DEBUG] env.PATHEXT: .COM;.EXE;.BAT;.CMD;.VBS;.VBE;.JS;.JSE;.WSF;.WSH;.MSC;.CPL
[DEBUG] env.PDA_BASE_DIR: C:\SpeedPro Starter\SpeedPro Starter.exe
[DEBUG] env.PROCESSOR_ARCHITECTURE: AMD64
[DEBUG] env.PROCESSOR_IDENTIFIER: Intel64 Family 6 Model 186 Stepping 2, GenuineIntel
[DEBUG] env.PROCESSOR_LEVEL: 6
[DEBUG] env.PROCESSOR_REVISION: ba02
[DEBUG] env.PROGRAMDATA: C:\ProgramData
[DEBUG] env.PROGRAMFILES: C:\Program Files
[DEBUG] env.PROGRAMFILES(X86): C:\Program Files (x86)
[DEBUG] env.PROGRAMW6432: C:\Program Files
[DEBUG] env.PROMPT: $P$G
[DEBUG] env.PSMODULEPATH: C:\Users\acer\OneDrive\Documents\WindowsPowerShell\Modules;C:\Program Files\WindowsPowerShell\Modules;C:\Windows\system32\WindowsPowerShell\v1.0\Modules
[DEBUG] env.PUBLIC: C:\Users\Public
[DEBUG] env.PYDEVD_DISABLE_FILE_VALIDATION: 1
[DEBUG] env.PYTHONSTARTUP: c:\Users\acer\AppData\Roaming\Code\User\workspaceStorage\9a94d851dcf510029cb370ddb099ae8b\ms-python.python\pythonrc.py
[DEBUG] env.PYTHON_BASIC_REPL: 1
[DEBUG] env.SESSIONNAME: Console
[DEBUG] env.STRIPE CLI: C:\Users\acer\Downloads\stripe_1.38.1_windows_x86_64\
[DEBUG] env.SYSTEMDRIVE: C:
[DEBUG] env.SYSTEMROOT: C:\Windows
[DEBUG] env.TEMP: C:\Users\acer\AppData\Local\Temp
[DEBUG] env.TERM_PROGRAM: vscode
[DEBUG] env.TERM_PROGRAM_VERSION: 1.131.0
[DEBUG] env.TMP: C:\Users\acer\AppData\Local\Temp
[DEBUG] env.USERDOMAIN: DESKTOP-1G9PIIV
[DEBUG] env.USERDOMAIN_ROAMINGPROFILE: DESKTOP-1G9PIIV
[DEBUG] env.USERNAME: acer
[DEBUG] env.USERPROFILE: C:\Users\acer
[DEBUG] env.VSCODE_DEBUGPY_ADAPTER_ENDPOINTS: c:\Users\acer\.vscode\extensions\ms-python.debugpy-2026.6.0-win32-x64\.noConfigDebugAdapterEndpoints\endpoint-a3e1356e8e6d4148.txt
[DEBUG] env.VSCODE_GIT_ASKPASS_EXTRA_ARGS: 
[DEBUG] env.VSCODE_GIT_ASKPASS_MAIN: c:\Users\acer\AppData\Roaming\Code\User\globalStorage\vscode.git\askpass\70789581cae28aa7\askpass-main.js
[DEBUG] env.VSCODE_GIT_ASKPASS_NODE: C:\Users\acer\AppData\Local\Programs\Microsoft VS Code\Code.exe
[DEBUG] env.VSCODE_GIT_IPC_HANDLE: \\.\pipe\vscode-git-e93ecbbe83-sock
[DEBUG] env.VSCODE_INJECTION: 1
[DEBUG] env.VSCODE_JAVA_EXEC: C:\Program Files\Java\jdk-21.0.11\bin\java
[DEBUG] env.VSCODE_JDWP_ADAPTER_ENDPOINTS: c:\Users\acer\.vscode\extensions\vscjava.vscode-java-debug-0.59.0\.noConfigDebugAdapterEndpoints\endpoint-34399d656ce09fc1.txt
[DEBUG] env.VSCODE_PYTHON_AUTOACTIVATE_GUARD: 1
[DEBUG] env.WDIR: C:\Users\acer\Downloads\booking-system\booking-system
[DEBUG] env.WINDIR: C:\Windows
[DEBUG] env.ZES_ENABLE_SYSMAN: 1
[DEBUG] env.__MVNW_CMD__: C:\Users\acer/.m2/wrapper/dists/apache-maven-3.9.16/0daed3be3ebd1c706f0e69e8b07c6b73f5cc4ea3dfce72a8d0ec2e849ca2ddb0/bin/mvn.cmd
[DEBUG] file.encoding: UTF-8
[DEBUG] file.separator: \
[DEBUG] flyway.version: 12.4.0
[DEBUG] freemarker.version: 2.3.34
[DEBUG] git-commit-id-maven-plugin.version: 9.2.0
[DEBUG] glassfish-jaxb.version: 4.0.9
[DEBUG] glassfish-jstl.version: 3.0.1
[DEBUG] graphql-java.version: 25.0
[DEBUG] groovy.version: 5.0.6
[DEBUG] grpc-java.version: 1.80.0
[DEBUG] grpc-kotlin.version: 1.5.0
[DEBUG] gson.version: 2.13.2
[DEBUG] h2.version: 2.4.240
[DEBUG] hamcrest.version: 3.0
[DEBUG] hazelcast.version: 5.5.0
[DEBUG] hibernate-validator.version: 9.1.0.Final
[DEBUG] hibernate.version: 7.4.1.Final
[DEBUG] hikaricp.version: 7.0.2
[DEBUG] hsqldb.version: 2.7.3
[DEBUG] htmlunit.version: 4.21.0
[DEBUG] httpasyncclient.version: 4.1.5
[DEBUG] httpclient5.version: 5.6.1
[DEBUG] httpcore.version: 4.4.16
[DEBUG] httpcore5.version: 5.4.2
[DEBUG] infinispan.version: 16.1.4
[DEBUG] influxdb-java.version: 2.25
[DEBUG] jackson-2-bom.version: 2.21.4
[DEBUG] jackson-bom.version: 3.1.4
[DEBUG] jakarta-activation.version: 2.1.4
[DEBUG] jakarta-annotation.version: 3.0.0
[DEBUG] jakarta-inject.version: 2.0.1
[DEBUG] jakarta-jms.version: 3.1.0
[DEBUG] jakarta-json-bind.version: 3.0.2
[DEBUG] jakarta-json.version: 2.1.3
[DEBUG] jakarta-mail.version: 2.1.5
[DEBUG] jakarta-management.version: 1.1.4
[DEBUG] jakarta-persistence.version: 3.2.0
[DEBUG] jakarta-servlet-jsp-jstl.version: 3.0.2
[DEBUG] jakarta-servlet.version: 6.1.0
[DEBUG] jakarta-transaction.version: 2.0.1
[DEBUG] jakarta-validation.version: 3.1.1
[DEBUG] jakarta-websocket.version: 2.2.0
[DEBUG] jakarta-ws-rs.version: 4.0.0
[DEBUG] jakarta-xml-bind.version: 4.0.5
[DEBUG] jakarta-xml-soap.version: 3.0.2
[DEBUG] jakarta-xml-ws.version: 4.0.3
[DEBUG] janino.version: 3.1.12
[DEBUG] java.class.path: C:\Users\acer\.m2\wrapper\dists\apache-maven-3.9.16\0daed3be3ebd1c706f0e69e8b07c6b73f5cc4ea3dfce72a8d0ec2e849ca2ddb0\boot\plexus-classworlds-2.11.0.jar
[DEBUG] java.class.version: 65.0
[DEBUG] java.home: C:\Program Files\Java\jdk-21.0.11
[DEBUG] java.io.tmpdir: C:\Users\acer\AppData\Local\Temp\
[DEBUG] java.library.path: C:\Program Files\Java\jdk-21.0.11\bin;C:\Windows\Sun\Java\bin;C:\Windows\system32;C:\Windows;c:\Users\acer\AppData\Roaming\Code\User\globalStorage\github.copilot-chat\debugCommand;c:\Users\acer\AppData\Roaming\Code\User\globalStorage\github.copilot-chat\copilotCli;C:\Program Files\Common Files\Oracle\Java\javapath;C:\Windows\system32;C:\Windows;C:\Windows\System32\Wbem;C:\Windows\System32\WindowsPowerShell\v1.0\;C:\Windows\System32\OpenSSH\;C:\Program Files\dotnet\;C:\Program Files (x86)\NVIDIA Corporation\PhysX\Common;C:\Program Files\Git\cmd;C:\Program Files\Git\mingw64\bin;C:\Program Files\Git\usr\bin;C:\Users\acer\Downloads\maven-mvnd-1.0.3-windows-amd64.tar.gz;C:\Program Files\Java\jdk-25\bin;C:\Program Files\apache-maven-3.9.11\bin;C:\Program Files\apache-maven-3.9.11\bin;C:\Program Files\nodejs\;C:\Users\acer\Downloads\opencv\build\java\x64;C:\Program Files\Java\jdk-25\bin;;C:\Program Files\Docker\Docker\resources\bin;C:\ProgramData\chocolatey\bin;C:\Program Files\Redis\;C:\Program Files\MySQL\MySQL Shell 8.0\bin\;C:\Users\acer\AppData\Local\Microsoft\WindowsApps;C:\Users\acer\AppData\Local\Programs\Microsoft VS Code\bin;C:\Users\acer\Downloads\maven-mvnd-1.0.3-windows-amd64.tar.gz;C:\Program Files\JetBrains\IntelliJ IDEA Community Edition 2025.2.5\bin;C:\Program Files\apache-maven-3.9.11\bin;C:\Users\acer\AppData\Roaming\npm;C:\Users\acer\AppData\Local\Programs\mongosh\;C:\Users\acer\Downloads\opencv\build\java\x64;C:\Program Files\Java\jdk-17\bin;C:\Users\acer\AppData\Local\Programs\Antigravity\bin;C:\Users\acer\AppData\Local\Programs\cursor\resources\app\bin;C:\Users\acer\AppData\Local\Programs\Windsurf\bin;C:\Users\acer\AppData\Local\Programs\Antigravity IDE\bin;C:\Users\acer\AppData\Local\Programs\Devin\bin;C:\Users\acer\AppData\Local\GitHubDesktop\bin;C:\ProgramData\acer\GitHubDesktop\bin;c:\Users\acer\.vscode\extensions\vscjava.vscode-java-debug-0.59.0\bundled\scripts\noConfigScripts;c:\Users\acer\.vscode\extensions\ms-python.debugpy-2026.6.0-win32-x64\bundled\scripts\noConfigScripts;.
[DEBUG] java.runtime.name: Java(TM) SE Runtime Environment
[DEBUG] java.runtime.version: 21.0.11+9-LTS-211
[DEBUG] java.specification.name: Java Platform API Specification
[DEBUG] java.specification.vendor: Oracle Corporation
[DEBUG] java.specification.version: 21
[DEBUG] java.vendor: Oracle Corporation
[DEBUG] java.vendor.url: https://java.oracle.com/
[DEBUG] java.vendor.url.bug: https://bugreport.java.com/bugreport/
[DEBUG] java.version: 21.0.11
[DEBUG] java.version.date: 2026-04-21
[DEBUG] java.vm.compressedOopsMode: Zero based
[DEBUG] java.vm.info: mixed mode, sharing
[DEBUG] java.vm.name: Java HotSpot(TM) 64-Bit Server VM
[DEBUG] java.vm.specification.name: Java Virtual Machine Specification
[DEBUG] java.vm.specification.vendor: Oracle Corporation
[DEBUG] java.vm.specification.version: 21
[DEBUG] java.vm.vendor: Oracle Corporation
[DEBUG] java.vm.version: 21.0.11+9-LTS-211
[DEBUG] javax-cache.version: 1.1.1
[DEBUG] javax-money.version: 1.1
[DEBUG] jaxen.version: 2.0.6
[DEBUG] jaybird.version: 6.0.5
[DEBUG] jboss-logging.version: 3.6.3.Final
[DEBUG] jdk.debug: release
[DEBUG] jdom2.version: 2.0.6.1
[DEBUG] jedis.version: 7.4.1
[DEBUG] jersey.version: 4.0.2
[DEBUG] jetty-reactive-httpclient.version: 4.1.5
[DEBUG] jetty.version: 12.1.10
[DEBUG] jmustache.version: 1.16
[DEBUG] jooq.version: 3.21.5
[DEBUG] json-path.version: 2.10.0
[DEBUG] json-smart.version: 2.6.0
[DEBUG] jsonassert.version: 1.5.3
[DEBUG] jspecify.version: 1.0.0
[DEBUG] jtds.version: 1.3.1
[DEBUG] junit-jupiter.version: 6.0.3
[DEBUG] junit.version: 4.13.2
[DEBUG] kafka.version: 4.2.1
[DEBUG] kotlin-coroutines.version: 1.10.2
[DEBUG] kotlin-serialization.version: 1.11.0
[DEBUG] kotlin.version: 2.3.21
[DEBUG] lettuce.version: 7.5.2.RELEASE
[DEBUG] library.jansi.path: C:\Users\acer\.m2\wrapper\dists\apache-maven-3.9.16\0daed3be3ebd1c706f0e69e8b07c6b73f5cc4ea3dfce72a8d0ec2e849ca2ddb0\lib\jansi-native
[DEBUG] line.separator: 

[DEBUG] liquibase.version: 5.0.3
[DEBUG] log4j2.version: 2.25.4
[DEBUG] logback.version: 1.5.34
[DEBUG] lombok.version: 1.18.38
[DEBUG] mapstruct.version: 1.6.3
[DEBUG] mariadb.version: 3.5.8
[DEBUG] maven-antrun-plugin.version: 3.2.0
[DEBUG] maven-assembly-plugin.version: 3.8.0
[DEBUG] maven-clean-plugin.version: 3.5.0
[DEBUG] maven-compiler-plugin.version: 3.15.0
[DEBUG] maven-dependency-plugin.version: 3.10.0
[DEBUG] maven-deploy-plugin.version: 3.1.4
[DEBUG] maven-enforcer-plugin.version: 3.6.3
[DEBUG] maven-failsafe-plugin.version: 3.5.6
[DEBUG] maven-help-plugin.version: 3.5.1
[DEBUG] maven-install-plugin.version: 3.1.4
[DEBUG] maven-invoker-plugin.version: 3.9.1
[DEBUG] maven-jar-plugin.version: 3.5.0
[DEBUG] maven-javadoc-plugin.version: 3.12.0
[DEBUG] maven-resources-plugin.version: 3.5.0
[DEBUG] maven-shade-plugin.version: 3.6.2
[DEBUG] maven-source-plugin.version: 3.4.0
[DEBUG] maven-surefire-plugin.version: 3.5.6
[DEBUG] maven-war-plugin.version: 3.5.1
[DEBUG] maven.build.timestamp: 2026-08-04T15:34:05Z
[DEBUG] maven.build.version: Apache Maven 3.9.16 (2bdd9fddda4b155ebf8000e807eb73fd829a51d5)
[DEBUG] maven.compiler.proc: full
[DEBUG] maven.compiler.release: 21
[DEBUG] maven.conf: C:\Users\acer\.m2\wrapper\dists\apache-maven-3.9.16\0daed3be3ebd1c706f0e69e8b07c6b73f5cc4ea3dfce72a8d0ec2e849ca2ddb0/conf
[DEBUG] maven.home: C:\Users\acer\.m2\wrapper\dists\apache-maven-3.9.16\0daed3be3ebd1c706f0e69e8b07c6b73f5cc4ea3dfce72a8d0ec2e849ca2ddb0
[DEBUG] maven.multiModuleProjectDirectory: C:\Users\acer\Downloads\booking-system\booking-system
[DEBUG] maven.version: 3.9.16
[DEBUG] micrometer-tracing.version: 1.7.0
[DEBUG] micrometer.version: 1.17.0
[DEBUG] mockito.version: 5.23.0
[DEBUG] mongodb.version: 5.8.0
[DEBUG] mssql-jdbc.version: 13.4.0.jre11
[DEBUG] mysql.version: 9.7.0
[DEBUG] native-build-tools-plugin.version: 1.1.1
[DEBUG] native.encoding: Cp1252
[DEBUG] nekohtml.version: 1.9.22
[DEBUG] neo4j-java-driver.version: 6.1.0
[DEBUG] netty.version: 4.2.15.Final
[DEBUG] opentelemetry.version: 1.62.0
[DEBUG] oracle-database.version: 23.26.2.0.0
[DEBUG] oracle-r2dbc.version: 1.3.0
[DEBUG] os.arch: amd64
[DEBUG] os.name: Windows 11
[DEBUG] os.version: 10.0
[DEBUG] path.separator: ;
[DEBUG] pooled-jms.version: 3.2.2
[DEBUG] postgresql.version: 42.7.11
[DEBUG] project.baseUri: file:/C:/Users/acer/Downloads/booking-system/booking-system/common/
[DEBUG] project.build.sourceEncoding: UTF-8
[DEBUG] project.reporting.outputEncoding: UTF-8
[DEBUG] prometheus-client.version: 1.5.1
[DEBUG] prometheus-simpleclient.version: 0.16.0
[DEBUG] protobuf-common-protos.version: 2.70.0
[DEBUG] protobuf-java.version: 4.34.2
[DEBUG] protobuf-maven-plugin.version: 5.1.4
[DEBUG] pulsar.version: 4.2.2
[DEBUG] qpid-protonj2.version: 1.1.0
[DEBUG] quartz.version: 2.5.2
[DEBUG] querydsl.version: 5.1.0
[DEBUG] r2dbc-h2.version: 1.1.0.RELEASE
[DEBUG] r2dbc-mariadb.version: 1.4.0
[DEBUG] r2dbc-mssql.version: 1.0.4.RELEASE
[DEBUG] r2dbc-mysql.version: 1.4.2
[DEBUG] r2dbc-pool.version: 1.0.2.RELEASE
[DEBUG] r2dbc-postgresql.version: 1.1.1.RELEASE
[DEBUG] r2dbc-proxy.version: 1.1.6.RELEASE
[DEBUG] r2dbc-spi.version: 1.0.0.RELEASE
[DEBUG] rabbit-amqp-client.version: 5.30.0
[DEBUG] rabbit-stream-client.version: 1.6.0
[DEBUG] reactive-streams.version: 1.0.4
[DEBUG] reactor-bom.version: 2025.0.6
[DEBUG] resource.delimiter: @
[DEBUG] rsocket.version: 1.1.5
[DEBUG] rxjava3.version: 3.1.12
[DEBUG] saaj-impl.version: 3.0.6
[DEBUG] selenium-htmlunit.version: 4.43.0
[DEBUG] selenium.version: 4.43.0
[DEBUG] sendgrid.version: 4.10.3
[DEBUG] skipTests: true
[DEBUG] slf4j.version: 2.0.18
[DEBUG] snakeyaml.version: 2.6
[DEBUG] spring-amqp.version: 4.1.0
[DEBUG] spring-batch.version: 6.0.4
[DEBUG] spring-boot.run.main-class: ${start-class}
[DEBUG] spring-boot.version: 4.1.0
[DEBUG] spring-data-bom.version: 2026.0.0
[DEBUG] spring-framework.version: 7.0.8
[DEBUG] spring-graphql.version: 2.0.4
[DEBUG] spring-grpc.version: 1.1.0
[DEBUG] spring-hateoas.version: 3.1.1
[DEBUG] spring-integration.version: 7.1.0
[DEBUG] spring-kafka.version: 4.1.0
[DEBUG] spring-ldap.version: 4.1.0
[DEBUG] spring-pulsar.version: 2.0.6
[DEBUG] spring-restdocs.version: 4.0.1
[DEBUG] spring-security.version: 7.1.0
[DEBUG] spring-session.version: 4.1.0
[DEBUG] spring-ws.version: 5.0.2
[DEBUG] sqlite-jdbc.version: 3.53.2.0
[DEBUG] stderr.encoding: cp437
[DEBUG] stdout.encoding: Cp1252
[DEBUG] sun.arch.data.model: 64
[DEBUG] sun.boot.library.path: C:\Program Files\Java\jdk-21.0.11\bin
[DEBUG] sun.cpu.endian: little
[DEBUG] sun.cpu.isalist: amd64
[DEBUG] sun.io.unicode.encoding: UnicodeLittle
[DEBUG] sun.java.command: org.codehaus.plexus.classworlds.launcher.Launcher -pl booking-service -am -DskipTests clean compile -X
[DEBUG] sun.java.launcher: SUN_STANDARD
[DEBUG] sun.jnu.encoding: Cp1252
[DEBUG] sun.management.compiler: HotSpot 64-Bit Tiered Compilers
[DEBUG] sun.os.patch.level: 
[DEBUG] testcontainers-redis-module.version: 2.2.4
[DEBUG] testcontainers.version: 2.0.5
[DEBUG] thymeleaf-extras-data-attribute.version: 2.0.1
[DEBUG] thymeleaf-extras-springsecurity.version: 3.1.5.RELEASE
[DEBUG] thymeleaf-layout-dialect.version: 4.0.1
[DEBUG] thymeleaf.version: 3.1.5.RELEASE
[DEBUG] tomcat.version: 11.0.22
[DEBUG] unboundid-ldapsdk.version: 7.0.4
[DEBUG] user.country: US
[DEBUG] user.dir: C:\Users\acer\Downloads\booking-system\booking-system
[DEBUG] user.home: C:\Users\acer
[DEBUG] user.language: en
[DEBUG] user.name: acer
[DEBUG] user.script: 
[DEBUG] user.variant: 
[DEBUG] versions-maven-plugin.version: 2.21.0
[DEBUG] vibur.version: 26.0
[DEBUG] webjars-locator-core.version: 0.59
[DEBUG] webjars-locator-lite.version: 1.1.3
[DEBUG] wsdl4j.version: 1.6.3
[DEBUG] xml-maven-plugin.version: 1.2.1
[DEBUG] xmlunit2.version: 2.11.0
[DEBUG] yasson.version: 3.0.4
[DEBUG] zipkin-reporter.version: 3.5.3
[DEBUG] Using 'UTF-8' encoding to copy filtered resources.
[DEBUG] Using 'UTF-8' encoding to copy filtered properties files.
[DEBUG] resource with targetPath null
directory C:\Users\acer\Downloads\booking-system\booking-system\common\src\main\resources
excludes []
includes [**/application*.yml, **/application*.yaml, **/application*.properties]
[INFO] Copying 3 resources from src\main\resources to target\classes
[DEBUG] Copying file application-dev.yml
[DEBUG] file application-dev.yml has a filtered file extension
[DEBUG] Using 'UTF-8' encoding to copy filtered resource 'application-dev.yml'.
[DEBUG] filtering C:\Users\acer\Downloads\booking-system\booking-system\common\src\main\resources\application-dev.yml to C:\Users\acer\Downloads\booking-system\booking-system\common\target\classes\application-dev.yml
[DEBUG] Copying file application-prod.yml
[DEBUG] file application-prod.yml has a filtered file extension
[DEBUG] Using 'UTF-8' encoding to copy filtered resource 'application-prod.yml'.
[DEBUG] filtering C:\Users\acer\Downloads\booking-system\booking-system\common\src\main\resources\application-prod.yml to C:\Users\acer\Downloads\booking-system\booking-system\common\target\classes\application-prod.yml
[DEBUG] Copying file application.yml
[DEBUG] file application.yml has a filtered file extension
[DEBUG] Using 'UTF-8' encoding to copy filtered resource 'application.yml'.
[DEBUG] filtering C:\Users\acer\Downloads\booking-system\booking-system\common\src\main\resources\application.yml to C:\Users\acer\Downloads\booking-system\booking-system\common\target\classes\application.yml
[DEBUG] resource with targetPath null
directory C:\Users\acer\Downloads\booking-system\booking-system\common\src\main\resources
excludes [**/application*.yml, **/application*.yaml, **/application*.properties]
includes []
[INFO] Copying 1 resource from src\main\resources to target\classes
[DEBUG] Copying file db\migration\V1__init_schema.sql
[DEBUG] file V1__init_schema.sql has a filtered file extension
[DEBUG] Using 'UTF-8' encoding to copy filtered resource 'V1__init_schema.sql'.
[DEBUG] copy C:\Users\acer\Downloads\booking-system\booking-system\common\src\main\resources\db\migration\V1__init_schema.sql to C:\Users\acer\Downloads\booking-system\booking-system\common\target\classes\db\migration\V1__init_schema.sql
[DEBUG] no user filter components
[INFO] 
[INFO] --- compiler:3.13.0:compile (default-compile) @ common ---
[DEBUG] Using mirror maven-default-http-blocker (http://0.0.0.0/) for apache.snapshots (http://repository.apache.org/snapshots).
[DEBUG] Dependency collection stats {ConflictMarker.analyzeTime=54400, ConflictMarker.markTime=28200, ConflictMarker.nodeCount=22, ConflictIdSorter.graphTime=87100, ConflictIdSorter.topsortTime=25700, ConflictIdSorter.conflictIdCount=14, ConflictIdSorter.conflictIdCycleCount=0, ConflictResolver.totalTime=8557000, ConflictResolver.conflictItemCount=22, DfDependencyCollector.collectTime=290341500, DfDependencyCollector.transformTime=8790900}
[DEBUG] org.apache.maven.plugins:maven-compiler-plugin:jar:3.13.0
[DEBUG]    org.apache.maven.shared:maven-shared-utils:jar:3.4.2:compile
[DEBUG]       org.slf4j:slf4j-api:jar:1.7.36:compile
[DEBUG]       commons-io:commons-io:jar:2.11.0:compile
[DEBUG]    org.apache.maven.shared:maven-shared-incremental:jar:1.1:compile
[DEBUG]    org.codehaus.plexus:plexus-java:jar:1.2.0:compile
[DEBUG]       org.ow2.asm:asm:jar:9.6:compile
[DEBUG]       com.thoughtworks.qdox:qdox:jar:2.0.3:compile
[DEBUG]    org.codehaus.plexus:plexus-compiler-api:jar:2.15.0:compile
[DEBUG]    org.codehaus.plexus:plexus-compiler-manager:jar:2.15.0:compile
[DEBUG]       javax.inject:javax.inject:jar:1:compile
[DEBUG]       org.codehaus.plexus:plexus-xml:jar:3.0.0:compile (version managed from default)
[DEBUG]    org.codehaus.plexus:plexus-compiler-javac:jar:2.15.0:runtime
[DEBUG]    org.codehaus.plexus:plexus-utils:jar:4.0.0:compile
[DEBUG] Created new class realm plugin>org.apache.maven.plugins:maven-compiler-plugin:3.13.0
[DEBUG] Importing foreign packages into class realm plugin>org.apache.maven.plugins:maven-compiler-plugin:3.13.0
[DEBUG]   Imported:  < maven.api
[DEBUG] Populating class realm plugin>org.apache.maven.plugins:maven-compiler-plugin:3.13.0
[DEBUG]   Included: org.apache.maven.plugins:maven-compiler-plugin:jar:3.13.0
[DEBUG]   Included: org.apache.maven.shared:maven-shared-utils:jar:3.4.2
[DEBUG]   Included: commons-io:commons-io:jar:2.11.0
[DEBUG]   Included: org.apache.maven.shared:maven-shared-incremental:jar:1.1
[DEBUG]   Included: org.codehaus.plexus:plexus-java:jar:1.2.0
[DEBUG]   Included: org.ow2.asm:asm:jar:9.6
[DEBUG]   Included: com.thoughtworks.qdox:qdox:jar:2.0.3
[DEBUG]   Included: org.codehaus.plexus:plexus-compiler-api:jar:2.15.0
[DEBUG]   Included: org.codehaus.plexus:plexus-compiler-manager:jar:2.15.0
[DEBUG]   Included: org.codehaus.plexus:plexus-xml:jar:3.0.0
[DEBUG]   Included: org.codehaus.plexus:plexus-compiler-javac:jar:2.15.0
[DEBUG]   Included: org.codehaus.plexus:plexus-utils:jar:4.0.0
[DEBUG] Loading mojo org.apache.maven.plugins:maven-compiler-plugin:3.13.0:compile from plugin realm ClassRealm[plugin>org.apache.maven.plugins:maven-compiler-plugin:3.13.0, parent: jdk.internal.loader.ClassLoaders$AppClassLoader@33909752]
[DEBUG] Configuring mojo execution 'org.apache.maven.plugins:maven-compiler-plugin:3.13.0:compile:default-compile' with basic configurator -->
[DEBUG]   (s) groupId = org.projectlombok
[DEBUG]   (s) artifactId = lombok
[DEBUG]   (s) version = 1.18.38
[DEBUG]   (s) groupId = org.mapstruct
[DEBUG]   (s) artifactId = mapstruct-processor
[DEBUG]   (s) version = 1.6.3
[DEBUG]   (s) groupId = org.projectlombok
[DEBUG]   (s) artifactId = lombok-mapstruct-binding
[DEBUG]   (s) version = 0.2.0
[DEBUG]   (f) annotationProcessorPaths = [org.projectlombok:lombok:1.18.38.jar, org.mapstruct:mapstruct-processor:1.6.3.jar, org.projectlombok:lombok-mapstruct-binding:0.2.0.jar]
[DEBUG]   (f) annotationProcessorPathsUseDepMgmt = false
[DEBUG]   (f) basedir = C:\Users\acer\Downloads\booking-system\booking-system\common
[DEBUG]   (f) buildDirectory = C:\Users\acer\Downloads\booking-system\booking-system\common\target
[DEBUG]   (f) compilePath = [C:\Users\acer\Downloads\booking-system\booking-system\common\target\classes, C:\Users\acer\.m2\repository\org\springframework\boot\spring-boot-starter-web\4.1.0\spring-boot-starter-web-4.1.0.jar, C:\Users\acer\.m2\repository\org\springframework\boot\spring-boot-starter-jackson\4.1.0\spring-boot-starter-jackson-4.1.0.jar, C:\Users\acer\.m2\repository\org\springframework\boot\spring-boot-jackson\4.1.0\spring-boot-jackson-4.1.0.jar, C:\Users\acer\.m2\repository\tools\jackson\core\jackson-databind\3.1.4\jackson-databind-3.1.4.jar, C:\Users\acer\.m2\repository\tools\jackson\core\jackson-core\3.1.4\jackson-core-3.1.4.jar, C:\Users\acer\.m2\repository\org\springframework\boot\spring-boot-starter-tomcat\4.1.0\spring-boot-starter-tomcat-4.1.0.jar, C:\Users\acer\.m2\repository\org\springframework\boot\spring-boot-starter-tomcat-runtime\4.1.0\spring-boot-starter-tomcat-runtime-4.1.0.jar, C:\Users\acer\.m2\repository\org\springframework\boot\spring-boot-web-server\4.1.0\spring-boot-web-server-4.1.0.jar, C:\Users\acer\.m2\repository\org\apache\tomcat\embed\tomcat-embed-core\11.0.22\tomcat-embed-core-11.0.22.jar, C:\Users\acer\.m2\repository\org\apache\tomcat\embed\tomcat-embed-websocket\11.0.22\tomcat-embed-websocket-11.0.22.jar, C:\Users\acer\.m2\repository\org\springframework\boot\spring-boot-tomcat\4.1.0\spring-boot-tomcat-4.1.0.jar, C:\Users\acer\.m2\repository\org\springframework\boot\spring-boot-http-converter\4.1.0\spring-boot-http-converter-4.1.0.jar, C:\Users\acer\.m2\repository\org\springframework\boot\spring-boot\4.1.0\spring-boot-4.1.0.jar, C:\Users\acer\.m2\repository\org\springframework\spring-web\7.0.8\spring-web-7.0.8.jar, C:\Users\acer\.m2\repository\org\springframework\boot\spring-boot-webmvc\4.1.0\spring-boot-webmvc-4.1.0.jar, C:\Users\acer\.m2\repository\org\springframework\boot\spring-boot-servlet\4.1.0\spring-boot-servlet-4.1.0.jar, C:\Users\acer\.m2\repository\org\springframework\spring-webmvc\7.0.8\spring-webmvc-7.0.8.jar, C:\Users\acer\.m2\repository\org\springframework\boot\spring-boot-starter-validation\4.1.0\spring-boot-starter-validation-4.1.0.jar, C:\Users\acer\.m2\repository\org\springframework\boot\spring-boot-validation\4.1.0\spring-boot-validation-4.1.0.jar, C:\Users\acer\.m2\repository\org\apache\tomcat\embed\tomcat-embed-el\11.0.22\tomcat-embed-el-11.0.22.jar, C:\Users\acer\.m2\repository\org\hibernate\validator\hibernate-validator\9.1.0.Final\hibernate-validator-9.1.0.Final.jar, C:\Users\acer\.m2\repository\jakarta\validation\jakarta.validation-api\3.1.1\jakarta.validation-api-3.1.1.jar, C:\Users\acer\.m2\repository\org\jboss\logging\jboss-logging\3.6.3.Final\jboss-logging-3.6.3.Final.jar, C:\Users\acer\.m2\repository\com\fasterxml\classmate\1.7.3\classmate-1.7.3.jar, C:\Users\acer\.m2\repository\org\springframework\kafka\spring-kafka\4.1.0\spring-kafka-4.1.0.jar, C:\Users\acer\.m2\repository\org\springframework\spring-context\7.0.8\spring-context-7.0.8.jar, C:\Users\acer\.m2\repository\org\springframework\spring-aop\7.0.8\spring-aop-7.0.8.jar, C:\Users\acer\.m2\repository\org\springframework\spring-beans\7.0.8\spring-beans-7.0.8.jar, C:\Users\acer\.m2\repository\org\springframework\spring-expression\7.0.8\spring-expression-7.0.8.jar, C:\Users\acer\.m2\repository\org\springframework\spring-messaging\7.0.8\spring-messaging-7.0.8.jar, C:\Users\acer\.m2\repository\org\springframework\spring-tx\7.0.8\spring-tx-7.0.8.jar, C:\Users\acer\.m2\repository\org\apache\kafka\kafka-clients\4.2.1\kafka-clients-4.2.1.jar, C:\Users\acer\.m2\repository\org\slf4j\slf4j-api\2.0.18\slf4j-api-2.0.18.jar, C:\Users\acer\.m2\repository\io\micrometer\micrometer-observation\1.17.0\micrometer-observation-1.17.0.jar, C:\Users\acer\.m2\repository\org\jspecify\jspecify\1.0.0\jspecify-1.0.0.jar, C:\Users\acer\.m2\repository\io\micrometer\micrometer-commons\1.17.0\micrometer-commons-1.17.0.jar, C:\Users\acer\.m2\repository\org\springdoc\springdoc-openapi-starter-webmvc-ui\2.6.0\springdoc-openapi-starter-webmvc-ui-2.6.0.jar, C:\Users\acer\.m2\repository\org\springdoc\springdoc-openapi-starter-webmvc-api\2.6.0\springdoc-openapi-starter-webmvc-api-2.6.0.jar, C:\Users\acer\.m2\repository\org\springdoc\springdoc-openapi-starter-common\2.6.0\springdoc-openapi-starter-common-2.6.0.jar, C:\Users\acer\.m2\repository\io\swagger\core\v3\swagger-core-jakarta\2.2.22\swagger-core-jakarta-2.2.22.jar, C:\Users\acer\.m2\repository\org\apache\commons\commons-lang3\3.20.0\commons-lang3-3.20.0.jar, C:\Users\acer\.m2\repository\io\swagger\core\v3\swagger-annotations-jakarta\2.2.22\swagger-annotations-jakarta-2.2.22.jar, C:\Users\acer\.m2\repository\io\swagger\core\v3\swagger-models-jakarta\2.2.22\swagger-models-jakarta-2.2.22.jar, C:\Users\acer\.m2\repository\com\fasterxml\jackson\dataformat\jackson-dataformat-yaml\2.21.4\jackson-dataformat-yaml-2.21.4.jar, C:\Users\acer\.m2\repository\com\fasterxml\jackson\datatype\jackson-datatype-jsr310\2.21.4\jackson-datatype-jsr310-2.21.4.jar, C:\Users\acer\.m2\repository\org\webjars\swagger-ui\5.17.14\swagger-ui-5.17.14.jar, C:\Users\acer\.m2\repository\org\springframework\boot\spring-boot-starter-data-jpa\4.1.0\spring-boot-starter-data-jpa-4.1.0.jar, C:\Users\acer\.m2\repository\org\springframework\boot\spring-boot-starter-jdbc\4.1.0\spring-boot-starter-jdbc-4.1.0.jar, C:\Users\acer\.m2\repository\com\zaxxer\HikariCP\7.0.2\HikariCP-7.0.2.jar, C:\Users\acer\.m2\repository\org\springframework\boot\spring-boot-data-jpa\4.1.0\spring-boot-data-jpa-4.1.0.jar, C:\Users\acer\.m2\repository\org\springframework\boot\spring-boot-data-commons\4.1.0\spring-boot-data-commons-4.1.0.jar, C:\Users\acer\.m2\repository\org\springframework\boot\spring-boot-persistence\4.1.0\spring-boot-persistence-4.1.0.jar, C:\Users\acer\.m2\repository\org\springframework\data\spring-data-commons\4.1.0\spring-data-commons-4.1.0.jar, C:\Users\acer\.m2\repository\org\springframework\boot\spring-boot-hibernate\4.1.0\spring-boot-hibernate-4.1.0.jar, C:\Users\acer\.m2\repository\org\springframework\boot\spring-boot-jpa\4.1.0\spring-boot-jpa-4.1.0.jar, C:\Users\acer\.m2\repository\jakarta\persistence\jakarta.persistence-api\3.2.0\jakarta.persistence-api-3.2.0.jar, C:\Users\acer\.m2\repository\org\hibernate\orm\hibernate-core\7.4.1.Final\hibernate-core-7.4.1.Final.jar, C:\Users\acer\.m2\repository\jakarta\transaction\jakarta.transaction-api\2.0.1\jakarta.transaction-api-2.0.1.jar, C:\Users\acer\.m2\repository\org\springframework\spring-orm\7.0.8\spring-orm-7.0.8.jar, C:\Users\acer\.m2\repository\org\springframework\data\spring-data-jpa\4.1.0\spring-data-jpa-4.1.0.jar, C:\Users\acer\.m2\repository\org\antlr\antlr4-runtime\4.13.2\antlr4-runtime-4.13.2.jar, C:\Users\acer\.m2\repository\org\springframework\spring-aspects\7.0.8\spring-aspects-7.0.8.jar, C:\Users\acer\.m2\repository\org\aspectj\aspectjweaver\1.9.25.1\aspectjweaver-1.9.25.1.jar, C:\Users\acer\.m2\repository\org\springframework\boot\spring-boot-jdbc\4.1.0\spring-boot-jdbc-4.1.0.jar, C:\Users\acer\.m2\repository\org\springframework\boot\spring-boot-sql\4.1.0\spring-boot-sql-4.1.0.jar, C:\Users\acer\.m2\repository\org\springframework\boot\spring-boot-transaction\4.1.0\spring-boot-transaction-4.1.0.jar, C:\Users\acer\.m2\repository\org\springframework\spring-jdbc\7.0.8\spring-jdbc-7.0.8.jar, C:\Users\acer\.m2\repository\io\jsonwebtoken\jjwt-api\0.12.6\jjwt-api-0.12.6.jar, C:\Users\acer\.m2\repository\com\fasterxml\jackson\core\jackson-databind\2.21.4\jackson-databind-2.21.4.jar, C:\Users\acer\.m2\repository\com\fasterxml\jackson\core\jackson-annotations\2.21\jackson-annotations-2.21.jar, C:\Users\acer\.m2\repository\com\fasterxml\jackson\core\jackson-core\2.21.4\jackson-core-2.21.4.jar, C:\Users\acer\.m2\repository\org\springframework\boot\spring-boot-starter\4.1.0\spring-boot-starter-4.1.0.jar, C:\Users\acer\.m2\repository\org\springframework\boot\spring-boot-starter-logging\4.1.0\spring-boot-starter-logging-4.1.0.jar, C:\Users\acer\.m2\repository\ch\qos\logback\logback-classic\1.5.34\logback-classic-1.5.34.jar, C:\Users\acer\.m2\repository\ch\qos\logback\logback-core\1.5.34\logback-core-1.5.34.jar, C:\Users\acer\.m2\repository\org\apache\logging\log4j\log4j-to-slf4j\2.25.4\log4j-to-slf4j-2.25.4.jar, C:\Users\acer\.m2\repository\org\apache\logging\log4j\log4j-api\2.25.4\log4j-api-2.25.4.jar, C:\Users\acer\.m2\repository\org\slf4j\jul-to-slf4j\2.0.18\jul-to-slf4j-2.0.18.jar, C:\Users\acer\.m2\repository\org\springframework\boot\spring-boot-autoconfigure\4.1.0\spring-boot-autoconfigure-4.1.0.jar, C:\Users\acer\.m2\repository\jakarta\annotation\jakarta.annotation-api\3.0.0\jakarta.annotation-api-3.0.0.jar, C:\Users\acer\.m2\repository\org\yaml\snakeyaml\2.6\snakeyaml-2.6.jar, C:\Users\acer\.m2\repository\jakarta\xml\bind\jakarta.xml.bind-api\4.0.5\jakarta.xml.bind-api-4.0.5.jar, C:\Users\acer\.m2\repository\jakarta\activation\jakarta.activation-api\2.1.4\jakarta.activation-api-2.1.4.jar, C:\Users\acer\.m2\repository\org\springframework\spring-core\7.0.8\spring-core-7.0.8.jar, C:\Users\acer\.m2\repository\commons-logging\commons-logging\1.3.6\commons-logging-1.3.6.jar, C:\Users\acer\.m2\repository\org\projectlombok\lombok\1.18.38\lombok-1.18.38.jar]
[DEBUG]   (f) compileSourceRoots = [C:\Users\acer\Downloads\booking-system\booking-system\common\src\main\java]
[DEBUG]   (f) compilerId = javac
[DEBUG]   (f) createMissingPackageInfoClass = true
[DEBUG]   (f) debug = true
[DEBUG]   (f) debugFileName = javac
[DEBUG]   (f) enablePreview = false
[DEBUG]   (f) encoding = UTF-8
[DEBUG]   (f) failOnError = true
[DEBUG]   (f) failOnWarning = false
[DEBUG]   (f) fileExtensions = [jar, class]
[DEBUG]   (f) forceJavacCompilerUse = false
[DEBUG]   (f) forceLegacyJavacApi = false
[DEBUG]   (f) fork = false
[DEBUG]   (f) generatedSourcesDirectory = C:\Users\acer\Downloads\booking-system\booking-system\common\target\generated-sources\annotations
[DEBUG]   (f) mojoExecution = org.apache.maven.plugins:maven-compiler-plugin:3.13.0:compile {execution: default-compile}
[DEBUG]   (f) optimize = false
[DEBUG]   (f) outputDirectory = C:\Users\acer\Downloads\booking-system\booking-system\common\target\classes
[DEBUG]   (f) parameters = true
[DEBUG]   (f) proc = full
[DEBUG]   (f) project = MavenProject: com.krushna:common:1.0.0-SNAPSHOT @ C:\Users\acer\Downloads\booking-system\booking-system\common\pom.xml
[DEBUG]   (f) projectArtifact = com.krushna:common:jar:1.0.0-SNAPSHOT
[DEBUG]   (s) release = 21
[DEBUG]   (f) session = org.apache.maven.execution.MavenSession@38792286
[DEBUG]   (f) showCompilationChanges = false
[DEBUG]   (f) showDeprecation = false
[DEBUG]   (f) showWarnings = true
[DEBUG]   (f) skipMultiThreadWarning = false
[DEBUG]   (f) source = 1.8
[DEBUG]   (f) staleMillis = 0
[DEBUG]   (s) target = 1.8
[DEBUG]   (f) useIncrementalCompilation = true
[DEBUG]   (f) verbose = false
[DEBUG] -- end configuration --
[DEBUG] Using compiler 'javac'.
[DEBUG] Adding C:\Users\acer\Downloads\booking-system\booking-system\common\target\generated-sources\annotations to compile source roots:
  C:\Users\acer\Downloads\booking-system\booking-system\common\src\main\java
[DEBUG] New compile source roots:
  C:\Users\acer\Downloads\booking-system\booking-system\common\src\main\java
  C:\Users\acer\Downloads\booking-system\booking-system\common\target\generated-sources\annotations
[DEBUG] Dependency collection stats {ConflictMarker.analyzeTime=78200, ConflictMarker.markTime=38700, ConflictMarker.nodeCount=4, ConflictIdSorter.graphTime=9400, ConflictIdSorter.topsortTime=20500, ConflictIdSorter.conflictIdCount=3, ConflictIdSorter.conflictIdCycleCount=0, ConflictResolver.totalTime=174300, ConflictResolver.conflictItemCount=3, DfDependencyCollector.collectTime=50323900, DfDependencyCollector.transformTime=364900}
[DEBUG] CompilerReuseStrategy: reuseCreated
[DEBUG] useIncrementalCompilation enabled
[INFO] 	Stale source detected: C:\Users\acer\Downloads\booking-system\booking-system\common\src\main\java\com\krushna\moviebooking\common\service\CommonService.java
[INFO] 	Stale source detected: C:\Users\acer\Downloads\booking-system\booking-system\common\src\main\java\com\krushna\moviebooking\common\constant\CommonConstants.java
[INFO] 	Stale source detected: C:\Users\acer\Downloads\booking-system\booking-system\common\src\main\java\com\krushna\moviebooking\common\scheduler\CommonScheduler.java
[INFO] 	Stale source detected: C:\Users\acer\Downloads\booking-system\booking-system\common\src\main\java\com\krushna\moviebooking\common\kafka\producer\CommonEventProducer.java
[INFO] 	Stale source detected: C:\Users\acer\Downloads\booking-system\booking-system\common\src\main\java\com\krushna\moviebooking\common\mapper\CommonMapper.java
[INFO] 	Stale source detected: C:\Users\acer\Downloads\booking-system\booking-system\common\src\main\java\com\krushna\moviebooking\common\security\JwtClaims.java
[INFO] 	Stale source detected: C:\Users\acer\Downloads\booking-system\booking-system\common\src\main\java\com\krushna\moviebooking\common\util\CommonUtils.java
[INFO] 	Stale source detected: C:\Users\acer\Downloads\booking-system\booking-system\common\src\main\java\com\krushna\moviebooking\common\exception\BaseGlobalExceptionHandler.java
[INFO] 	Stale source detected: C:\Users\acer\Downloads\booking-system\booking-system\common\src\main\java\com\krushna\moviebooking\common\kafka\consumer\CommonEventConsumer.java
[INFO] 	Stale source detected: C:\Users\acer\Downloads\booking-system\booking-system\common\src\main\java\com\krushna\moviebooking\common\config\CommonConfig.java
[INFO] 	Stale source detected: C:\Users\acer\Downloads\booking-system\booking-system\common\src\main\java\com\krushna\moviebooking\common\dto\request\CreateCommonRequest.java
[INFO] 	Stale source detected: C:\Users\acer\Downloads\booking-system\booking-system\common\src\main\java\com\krushna\moviebooking\common\dto\ApiResponse.java
[INFO] 	Stale source detected: C:\Users\acer\Downloads\booking-system\booking-system\common\src\main\java\com\krushna\moviebooking\common\event\PaymentEvents.java
[INFO] 	Stale source detected: C:\Users\acer\Downloads\booking-system\booking-system\common\src\main\java\com\krushna\moviebooking\common\service\impl\CommonServiceImpl.java
[INFO] 	Stale source detected: C:\Users\acer\Downloads\booking-system\booking-system\common\src\main\java\com\krushna\moviebooking\common\enums\CommonStatus.java
[INFO] 	Stale source detected: C:\Users\acer\Downloads\booking-system\booking-system\common\src\main\java\com\krushna\moviebooking\common\redis\CommonRedisRepository.java
[INFO] 	Stale source detected: C:\Users\acer\Downloads\booking-system\booking-system\common\src\main\java\com\krushna\moviebooking\common\exception\CommonException.java
[INFO] 	Stale source detected: C:\Users\acer\Downloads\booking-system\booking-system\common\src\main\java\com\krushna\moviebooking\common\dto\response\CommonResponse.java
[INFO] 	Stale source detected: C:\Users\acer\Downloads\booking-system\booking-system\common\src\main\java\com\krushna\moviebooking\common\CommonModuleApplication.java
[INFO] 	Stale source detected: C:\Users\acer\Downloads\booking-system\booking-system\common\src\main\java\com\krushna\moviebooking\common\security\SecurityConfig.java
[INFO] 	Stale source detected: C:\Users\acer\Downloads\booking-system\booking-system\common\src\main\java\com\krushna\moviebooking\common\controller\CommonController.java
[INFO] 	Stale source detected: C:\Users\acer\Downloads\booking-system\booking-system\common\src\main\java\com\krushna\moviebooking\common\validator\CommonValidator.java
[INFO] 	Stale source detected: C:\Users\acer\Downloads\booking-system\booking-system\common\src\main\java\com\krushna\moviebooking\common\event\BookingEvents.java
[INFO] 	Stale source detected: C:\Users\acer\Downloads\booking-system\booking-system\common\src\main\java\com\krushna\moviebooking\common\kafka\event\CommonEvent.java
[INFO] 	Stale source detected: C:\Users\acer\Downloads\booking-system\booking-system\common\src\main\java\com\krushna\moviebooking\common\dto\PagedResponse.java
[INFO] 	Stale source detected: C:\Users\acer\Downloads\booking-system\booking-system\common\src\main\java\com\krushna\moviebooking\common\dto\ErrorResponse.java
[INFO] 	Input tree files (+): C:\Users\acer\Downloads\booking-system\booking-system\common\src\main\java\com\krushna\moviebooking\common\CommonModuleApplication.java
[INFO] 	Input tree files (+): C:\Users\acer\Downloads\booking-system\booking-system\common\src\main\java\com\krushna\moviebooking\common\config\CommonConfig.java
[INFO] 	Input tree files (+): C:\Users\acer\Downloads\booking-system\booking-system\common\src\main\java\com\krushna\moviebooking\common\constant\CommonConstants.java
[INFO] 	Input tree files (+): C:\Users\acer\Downloads\booking-system\booking-system\common\src\main\java\com\krushna\moviebooking\common\controller\CommonController.java
[INFO] 	Input tree files (+): C:\Users\acer\Downloads\booking-system\booking-system\common\src\main\java\com\krushna\moviebooking\common\dto\ApiResponse.java
[INFO] 	Input tree files (+): C:\Users\acer\Downloads\booking-system\booking-system\common\src\main\java\com\krushna\moviebooking\common\dto\ErrorResponse.java
[INFO] 	Input tree files (+): C:\Users\acer\Downloads\booking-system\booking-system\common\src\main\java\com\krushna\moviebooking\common\dto\PagedResponse.java
[INFO] 	Input tree files (+): C:\Users\acer\Downloads\booking-system\booking-system\common\src\main\java\com\krushna\moviebooking\common\dto\request\CreateCommonRequest.java
[INFO] 	Input tree files (+): C:\Users\acer\Downloads\booking-system\booking-system\common\src\main\java\com\krushna\moviebooking\common\dto\response\CommonResponse.java
[INFO] 	Input tree files (+): C:\Users\acer\Downloads\booking-system\booking-system\common\src\main\java\com\krushna\moviebooking\common\enums\CommonStatus.java
[INFO] 	Input tree files (+): C:\Users\acer\Downloads\booking-system\booking-system\common\src\main\java\com\krushna\moviebooking\common\event\BookingEvents.java
[INFO] 	Input tree files (+): C:\Users\acer\Downloads\booking-system\booking-system\common\src\main\java\com\krushna\moviebooking\common\event\PaymentEvents.java
[INFO] 	Input tree files (+): C:\Users\acer\Downloads\booking-system\booking-system\common\src\main\java\com\krushna\moviebooking\common\exception\BaseGlobalExceptionHandler.java
[INFO] 	Input tree files (+): C:\Users\acer\Downloads\booking-system\booking-system\common\src\main\java\com\krushna\moviebooking\common\exception\CommonException.java
[INFO] 	Input tree files (+): C:\Users\acer\Downloads\booking-system\booking-system\common\src\main\java\com\krushna\moviebooking\common\kafka\consumer\CommonEventConsumer.java
[INFO] 	Input tree files (+): C:\Users\acer\Downloads\booking-system\booking-system\common\src\main\java\com\krushna\moviebooking\common\kafka\event\CommonEvent.java
[INFO] 	Input tree files (+): C:\Users\acer\Downloads\booking-system\booking-system\common\src\main\java\com\krushna\moviebooking\common\kafka\producer\CommonEventProducer.java
[INFO] 	Input tree files (+): C:\Users\acer\Downloads\booking-system\booking-system\common\src\main\java\com\krushna\moviebooking\common\mapper\CommonMapper.java
[INFO] 	Input tree files (+): C:\Users\acer\Downloads\booking-system\booking-system\common\src\main\java\com\krushna\moviebooking\common\redis\CommonRedisRepository.java
[INFO] 	Input tree files (+): C:\Users\acer\Downloads\booking-system\booking-system\common\src\main\java\com\krushna\moviebooking\common\scheduler\CommonScheduler.java
[INFO] 	Input tree files (+): C:\Users\acer\Downloads\booking-system\booking-system\common\src\main\java\com\krushna\moviebooking\common\security\JwtClaims.java
[INFO] 	Input tree files (+): C:\Users\acer\Downloads\booking-system\booking-system\common\src\main\java\com\krushna\moviebooking\common\security\SecurityConfig.java
[INFO] 	Input tree files (+): C:\Users\acer\Downloads\booking-system\booking-system\common\src\main\java\com\krushna\moviebooking\common\service\CommonService.java
[INFO] 	Input tree files (+): C:\Users\acer\Downloads\booking-system\booking-system\common\src\main\java\com\krushna\moviebooking\common\service\impl\CommonServiceImpl.java
[INFO] 	Input tree files (+): C:\Users\acer\Downloads\booking-system\booking-system\common\src\main\java\com\krushna\moviebooking\common\util\CommonUtils.java
[INFO] 	Input tree files (+): C:\Users\acer\Downloads\booking-system\booking-system\common\src\main\java\com\krushna\moviebooking\common\validator\CommonValidator.java
[INFO] Recompiling the module because of changed source code.
[DEBUG] Classpath:
[DEBUG]  C:\Users\acer\Downloads\booking-system\booking-system\common\target\classes
[DEBUG]  C:\Users\acer\.m2\repository\org\springframework\boot\spring-boot-starter-web\4.1.0\spring-boot-starter-web-4.1.0.jar
[DEBUG]  C:\Users\acer\.m2\repository\org\springframework\boot\spring-boot-starter-jackson\4.1.0\spring-boot-starter-jackson-4.1.0.jar
[DEBUG]  C:\Users\acer\.m2\repository\org\springframework\boot\spring-boot-jackson\4.1.0\spring-boot-jackson-4.1.0.jar
[DEBUG]  C:\Users\acer\.m2\repository\tools\jackson\core\jackson-databind\3.1.4\jackson-databind-3.1.4.jar
[DEBUG]  C:\Users\acer\.m2\repository\tools\jackson\core\jackson-core\3.1.4\jackson-core-3.1.4.jar
[DEBUG]  C:\Users\acer\.m2\repository\org\springframework\boot\spring-boot-starter-tomcat\4.1.0\spring-boot-starter-tomcat-4.1.0.jar
[DEBUG]  C:\Users\acer\.m2\repository\org\springframework\boot\spring-boot-starter-tomcat-runtime\4.1.0\spring-boot-starter-tomcat-runtime-4.1.0.jar
[DEBUG]  C:\Users\acer\.m2\repository\org\springframework\boot\spring-boot-web-server\4.1.0\spring-boot-web-server-4.1.0.jar
[DEBUG]  C:\Users\acer\.m2\repository\org\apache\tomcat\embed\tomcat-embed-core\11.0.22\tomcat-embed-core-11.0.22.jar
[DEBUG]  C:\Users\acer\.m2\repository\org\apache\tomcat\embed\tomcat-embed-websocket\11.0.22\tomcat-embed-websocket-11.0.22.jar
[DEBUG]  C:\Users\acer\.m2\repository\org\springframework\boot\spring-boot-tomcat\4.1.0\spring-boot-tomcat-4.1.0.jar
[DEBUG]  C:\Users\acer\.m2\repository\org\springframework\boot\spring-boot-http-converter\4.1.0\spring-boot-http-converter-4.1.0.jar
[DEBUG]  C:\Users\acer\.m2\repository\org\springframework\boot\spring-boot\4.1.0\spring-boot-4.1.0.jar
[DEBUG]  C:\Users\acer\.m2\repository\org\springframework\spring-web\7.0.8\spring-web-7.0.8.jar
[DEBUG]  C:\Users\acer\.m2\repository\org\springframework\boot\spring-boot-webmvc\4.1.0\spring-boot-webmvc-4.1.0.jar
[DEBUG]  C:\Users\acer\.m2\repository\org\springframework\boot\spring-boot-servlet\4.1.0\spring-boot-servlet-4.1.0.jar
[DEBUG]  C:\Users\acer\.m2\repository\org\springframework\spring-webmvc\7.0.8\spring-webmvc-7.0.8.jar
[DEBUG]  C:\Users\acer\.m2\repository\org\springframework\boot\spring-boot-starter-validation\4.1.0\spring-boot-starter-validation-4.1.0.jar
[DEBUG]  C:\Users\acer\.m2\repository\org\springframework\boot\spring-boot-validation\4.1.0\spring-boot-validation-4.1.0.jar
[DEBUG]  C:\Users\acer\.m2\repository\org\apache\tomcat\embed\tomcat-embed-el\11.0.22\tomcat-embed-el-11.0.22.jar
[DEBUG]  C:\Users\acer\.m2\repository\org\hibernate\validator\hibernate-validator\9.1.0.Final\hibernate-validator-9.1.0.Final.jar
[DEBUG]  C:\Users\acer\.m2\repository\jakarta\validation\jakarta.validation-api\3.1.1\jakarta.validation-api-3.1.1.jar
[DEBUG]  C:\Users\acer\.m2\repository\org\jboss\logging\jboss-logging\3.6.3.Final\jboss-logging-3.6.3.Final.jar
[DEBUG]  C:\Users\acer\.m2\repository\com\fasterxml\classmate\1.7.3\classmate-1.7.3.jar
[DEBUG]  C:\Users\acer\.m2\repository\org\springframework\kafka\spring-kafka\4.1.0\spring-kafka-4.1.0.jar
[DEBUG]  C:\Users\acer\.m2\repository\org\springframework\spring-context\7.0.8\spring-context-7.0.8.jar
[DEBUG]  C:\Users\acer\.m2\repository\org\springframework\spring-aop\7.0.8\spring-aop-7.0.8.jar
[DEBUG]  C:\Users\acer\.m2\repository\org\springframework\spring-beans\7.0.8\spring-beans-7.0.8.jar
[DEBUG]  C:\Users\acer\.m2\repository\org\springframework\spring-expression\7.0.8\spring-expression-7.0.8.jar
[DEBUG]  C:\Users\acer\.m2\repository\org\springframework\spring-messaging\7.0.8\spring-messaging-7.0.8.jar
[DEBUG]  C:\Users\acer\.m2\repository\org\springframework\spring-tx\7.0.8\spring-tx-7.0.8.jar
[DEBUG]  C:\Users\acer\.m2\repository\org\apache\kafka\kafka-clients\4.2.1\kafka-clients-4.2.1.jar
[DEBUG]  C:\Users\acer\.m2\repository\org\slf4j\slf4j-api\2.0.18\slf4j-api-2.0.18.jar
[DEBUG]  C:\Users\acer\.m2\repository\io\micrometer\micrometer-observation\1.17.0\micrometer-observation-1.17.0.jar
[DEBUG]  C:\Users\acer\.m2\repository\org\jspecify\jspecify\1.0.0\jspecify-1.0.0.jar
[DEBUG]  C:\Users\acer\.m2\repository\io\micrometer\micrometer-commons\1.17.0\micrometer-commons-1.17.0.jar
[DEBUG]  C:\Users\acer\.m2\repository\org\springdoc\springdoc-openapi-starter-webmvc-ui\2.6.0\springdoc-openapi-starter-webmvc-ui-2.6.0.jar
[DEBUG]  C:\Users\acer\.m2\repository\org\springdoc\springdoc-openapi-starter-webmvc-api\2.6.0\springdoc-openapi-starter-webmvc-api-2.6.0.jar
[DEBUG]  C:\Users\acer\.m2\repository\org\springdoc\springdoc-openapi-starter-common\2.6.0\springdoc-openapi-starter-common-2.6.0.jar
[DEBUG]  C:\Users\acer\.m2\repository\io\swagger\core\v3\swagger-core-jakarta\2.2.22\swagger-core-jakarta-2.2.22.jar
[DEBUG]  C:\Users\acer\.m2\repository\org\apache\commons\commons-lang3\3.20.0\commons-lang3-3.20.0.jar
[DEBUG]  C:\Users\acer\.m2\repository\io\swagger\core\v3\swagger-annotations-jakarta\2.2.22\swagger-annotations-jakarta-2.2.22.jar
[DEBUG]  C:\Users\acer\.m2\repository\io\swagger\core\v3\swagger-models-jakarta\2.2.22\swagger-models-jakarta-2.2.22.jar
[DEBUG]  C:\Users\acer\.m2\repository\com\fasterxml\jackson\dataformat\jackson-dataformat-yaml\2.21.4\jackson-dataformat-yaml-2.21.4.jar
[DEBUG]  C:\Users\acer\.m2\repository\com\fasterxml\jackson\datatype\jackson-datatype-jsr310\2.21.4\jackson-datatype-jsr310-2.21.4.jar
[DEBUG]  C:\Users\acer\.m2\repository\org\webjars\swagger-ui\5.17.14\swagger-ui-5.17.14.jar
[DEBUG]  C:\Users\acer\.m2\repository\org\springframework\boot\spring-boot-starter-data-jpa\4.1.0\spring-boot-starter-data-jpa-4.1.0.jar
[DEBUG]  C:\Users\acer\.m2\repository\org\springframework\boot\spring-boot-starter-jdbc\4.1.0\spring-boot-starter-jdbc-4.1.0.jar
[DEBUG]  C:\Users\acer\.m2\repository\com\zaxxer\HikariCP\7.0.2\HikariCP-7.0.2.jar
[DEBUG]  C:\Users\acer\.m2\repository\org\springframework\boot\spring-boot-data-jpa\4.1.0\spring-boot-data-jpa-4.1.0.jar
[DEBUG]  C:\Users\acer\.m2\repository\org\springframework\boot\spring-boot-data-commons\4.1.0\spring-boot-data-commons-4.1.0.jar
[DEBUG]  C:\Users\acer\.m2\repository\org\springframework\boot\spring-boot-persistence\4.1.0\spring-boot-persistence-4.1.0.jar
[DEBUG]  C:\Users\acer\.m2\repository\org\springframework\data\spring-data-commons\4.1.0\spring-data-commons-4.1.0.jar
[DEBUG]  C:\Users\acer\.m2\repository\org\springframework\boot\spring-boot-hibernate\4.1.0\spring-boot-hibernate-4.1.0.jar
[DEBUG]  C:\Users\acer\.m2\repository\org\springframework\boot\spring-boot-jpa\4.1.0\spring-boot-jpa-4.1.0.jar
[DEBUG]  C:\Users\acer\.m2\repository\jakarta\persistence\jakarta.persistence-api\3.2.0\jakarta.persistence-api-3.2.0.jar
[DEBUG]  C:\Users\acer\.m2\repository\org\hibernate\orm\hibernate-core\7.4.1.Final\hibernate-core-7.4.1.Final.jar
[DEBUG]  C:\Users\acer\.m2\repository\jakarta\transaction\jakarta.transaction-api\2.0.1\jakarta.transaction-api-2.0.1.jar
[DEBUG]  C:\Users\acer\.m2\repository\org\springframework\spring-orm\7.0.8\spring-orm-7.0.8.jar
[DEBUG]  C:\Users\acer\.m2\repository\org\springframework\data\spring-data-jpa\4.1.0\spring-data-jpa-4.1.0.jar
[DEBUG]  C:\Users\acer\.m2\repository\org\antlr\antlr4-runtime\4.13.2\antlr4-runtime-4.13.2.jar
[DEBUG]  C:\Users\acer\.m2\repository\org\springframework\spring-aspects\7.0.8\spring-aspects-7.0.8.jar
[DEBUG]  C:\Users\acer\.m2\repository\org\aspectj\aspectjweaver\1.9.25.1\aspectjweaver-1.9.25.1.jar
[DEBUG]  C:\Users\acer\.m2\repository\org\springframework\boot\spring-boot-jdbc\4.1.0\spring-boot-jdbc-4.1.0.jar
[DEBUG]  C:\Users\acer\.m2\repository\org\springframework\boot\spring-boot-sql\4.1.0\spring-boot-sql-4.1.0.jar
[DEBUG]  C:\Users\acer\.m2\repository\org\springframework\boot\spring-boot-transaction\4.1.0\spring-boot-transaction-4.1.0.jar
[DEBUG]  C:\Users\acer\.m2\repository\org\springframework\spring-jdbc\7.0.8\spring-jdbc-7.0.8.jar
[DEBUG]  C:\Users\acer\.m2\repository\io\jsonwebtoken\jjwt-api\0.12.6\jjwt-api-0.12.6.jar
[DEBUG]  C:\Users\acer\.m2\repository\com\fasterxml\jackson\core\jackson-databind\2.21.4\jackson-databind-2.21.4.jar
[DEBUG]  C:\Users\acer\.m2\repository\com\fasterxml\jackson\core\jackson-annotations\2.21\jackson-annotations-2.21.jar
[DEBUG]  C:\Users\acer\.m2\repository\com\fasterxml\jackson\core\jackson-core\2.21.4\jackson-core-2.21.4.jar
[DEBUG]  C:\Users\acer\.m2\repository\org\springframework\boot\spring-boot-starter\4.1.0\spring-boot-starter-4.1.0.jar
[DEBUG]  C:\Users\acer\.m2\repository\org\springframework\boot\spring-boot-starter-logging\4.1.0\spring-boot-starter-logging-4.1.0.jar
[DEBUG]  C:\Users\acer\.m2\repository\ch\qos\logback\logback-classic\1.5.34\logback-classic-1.5.34.jar
[DEBUG]  C:\Users\acer\.m2\repository\ch\qos\logback\logback-core\1.5.34\logback-core-1.5.34.jar
[DEBUG]  C:\Users\acer\.m2\repository\org\apache\logging\log4j\log4j-to-slf4j\2.25.4\log4j-to-slf4j-2.25.4.jar
[DEBUG]  C:\Users\acer\.m2\repository\org\apache\logging\log4j\log4j-api\2.25.4\log4j-api-2.25.4.jar
[DEBUG]  C:\Users\acer\.m2\repository\org\slf4j\jul-to-slf4j\2.0.18\jul-to-slf4j-2.0.18.jar
[DEBUG]  C:\Users\acer\.m2\repository\org\springframework\boot\spring-boot-autoconfigure\4.1.0\spring-boot-autoconfigure-4.1.0.jar
[DEBUG]  C:\Users\acer\.m2\repository\jakarta\annotation\jakarta.annotation-api\3.0.0\jakarta.annotation-api-3.0.0.jar
[DEBUG]  C:\Users\acer\.m2\repository\org\yaml\snakeyaml\2.6\snakeyaml-2.6.jar
[DEBUG]  C:\Users\acer\.m2\repository\jakarta\xml\bind\jakarta.xml.bind-api\4.0.5\jakarta.xml.bind-api-4.0.5.jar
[DEBUG]  C:\Users\acer\.m2\repository\jakarta\activation\jakarta.activation-api\2.1.4\jakarta.activation-api-2.1.4.jar
[DEBUG]  C:\Users\acer\.m2\repository\org\springframework\spring-core\7.0.8\spring-core-7.0.8.jar
[DEBUG]  C:\Users\acer\.m2\repository\commons-logging\commons-logging\1.3.6\commons-logging-1.3.6.jar
[DEBUG]  C:\Users\acer\.m2\repository\org\projectlombok\lombok\1.18.38\lombok-1.18.38.jar
[DEBUG] Source roots:
[DEBUG]  C:\Users\acer\Downloads\booking-system\booking-system\common\src\main\java
[DEBUG]  C:\Users\acer\Downloads\booking-system\booking-system\common\target\generated-sources\annotations
[DEBUG] Command line options:
[DEBUG] -d C:\Users\acer\Downloads\booking-system\booking-system\common\target\classes -classpath C:\Users\acer\Downloads\booking-system\booking-system\common\target\classes;C:\Users\acer\.m2\repository\org\springframework\boot\spring-boot-starter-web\4.1.0\spring-boot-starter-web-4.1.0.jar;C:\Users\acer\.m2\repository\org\springframework\boot\spring-boot-starter-jackson\4.1.0\spring-boot-starter-jackson-4.1.0.jar;C:\Users\acer\.m2\repository\org\springframework\boot\spring-boot-jackson\4.1.0\spring-boot-jackson-4.1.0.jar;C:\Users\acer\.m2\repository\tools\jackson\core\jackson-databind\3.1.4\jackson-databind-3.1.4.jar;C:\Users\acer\.m2\repository\tools\jackson\core\jackson-core\3.1.4\jackson-core-3.1.4.jar;C:\Users\acer\.m2\repository\org\springframework\boot\spring-boot-starter-tomcat\4.1.0\spring-boot-starter-tomcat-4.1.0.jar;C:\Users\acer\.m2\repository\org\springframework\boot\spring-boot-starter-tomcat-runtime\4.1.0\spring-boot-starter-tomcat-runtime-4.1.0.jar;C:\Users\acer\.m2\repository\org\springframework\boot\spring-boot-web-server\4.1.0\spring-boot-web-server-4.1.0.jar;C:\Users\acer\.m2\repository\org\apache\tomcat\embed\tomcat-embed-core\11.0.22\tomcat-embed-core-11.0.22.jar;C:\Users\acer\.m2\repository\org\apache\tomcat\embed\tomcat-embed-websocket\11.0.22\tomcat-embed-websocket-11.0.22.jar;C:\Users\acer\.m2\repository\org\springframework\boot\spring-boot-tomcat\4.1.0\spring-boot-tomcat-4.1.0.jar;C:\Users\acer\.m2\repository\org\springframework\boot\spring-boot-http-converter\4.1.0\spring-boot-http-converter-4.1.0.jar;C:\Users\acer\.m2\repository\org\springframework\boot\spring-boot\4.1.0\spring-boot-4.1.0.jar;C:\Users\acer\.m2\repository\org\springframework\spring-web\7.0.8\spring-web-7.0.8.jar;C:\Users\acer\.m2\repository\org\springframework\boot\spring-boot-webmvc\4.1.0\spring-boot-webmvc-4.1.0.jar;C:\Users\acer\.m2\repository\org\springframework\boot\spring-boot-servlet\4.1.0\spring-boot-servlet-4.1.0.jar;C:\Users\acer\.m2\repository\org\springframework\spring-webmvc\7.0.8\spring-webmvc-7.0.8.jar;C:\Users\acer\.m2\repository\org\springframework\boot\spring-boot-starter-validation\4.1.0\spring-boot-starter-validation-4.1.0.jar;C:\Users\acer\.m2\repository\org\springframework\boot\spring-boot-validation\4.1.0\spring-boot-validation-4.1.0.jar;C:\Users\acer\.m2\repository\org\apache\tomcat\embed\tomcat-embed-el\11.0.22\tomcat-embed-el-11.0.22.jar;C:\Users\acer\.m2\repository\org\hibernate\validator\hibernate-validator\9.1.0.Final\hibernate-validator-9.1.0.Final.jar;C:\Users\acer\.m2\repository\jakarta\validation\jakarta.validation-api\3.1.1\jakarta.validation-api-3.1.1.jar;C:\Users\acer\.m2\repository\org\jboss\logging\jboss-logging\3.6.3.Final\jboss-logging-3.6.3.Final.jar;C:\Users\acer\.m2\repository\com\fasterxml\classmate\1.7.3\classmate-1.7.3.jar;C:\Users\acer\.m2\repository\org\springframework\kafka\spring-kafka\4.1.0\spring-kafka-4.1.0.jar;C:\Users\acer\.m2\repository\org\springframework\spring-context\7.0.8\spring-context-7.0.8.jar;C:\Users\acer\.m2\repository\org\springframework\spring-aop\7.0.8\spring-aop-7.0.8.jar;C:\Users\acer\.m2\repository\org\springframework\spring-beans\7.0.8\spring-beans-7.0.8.jar;C:\Users\acer\.m2\repository\org\springframework\spring-expression\7.0.8\spring-expression-7.0.8.jar;C:\Users\acer\.m2\repository\org\springframework\spring-messaging\7.0.8\spring-messaging-7.0.8.jar;C:\Users\acer\.m2\repository\org\springframework\spring-tx\7.0.8\spring-tx-7.0.8.jar;C:\Users\acer\.m2\repository\org\apache\kafka\kafka-clients\4.2.1\kafka-clients-4.2.1.jar;C:\Users\acer\.m2\repository\org\slf4j\slf4j-api\2.0.18\slf4j-api-2.0.18.jar;C:\Users\acer\.m2\repository\io\micrometer\micrometer-observation\1.17.0\micrometer-observation-1.17.0.jar;C:\Users\acer\.m2\repository\org\jspecify\jspecify\1.0.0\jspecify-1.0.0.jar;C:\Users\acer\.m2\repository\io\micrometer\micrometer-commons\1.17.0\micrometer-commons-1.17.0.jar;C:\Users\acer\.m2\repository\org\springdoc\springdoc-openapi-starter-webmvc-ui\2.6.0\springdoc-openapi-starter-webmvc-ui-2.6.0.jar;C:\Users\acer\.m2\repository\org\springdoc\springdoc-openapi-starter-webmvc-api\2.6.0\springdoc-openapi-starter-webmvc-api-2.6.0.jar;C:\Users\acer\.m2\repository\org\springdoc\springdoc-openapi-starter-common\2.6.0\springdoc-openapi-starter-common-2.6.0.jar;C:\Users\acer\.m2\repository\io\swagger\core\v3\swagger-core-jakarta\2.2.22\swagger-core-jakarta-2.2.22.jar;C:\Users\acer\.m2\repository\org\apache\commons\commons-lang3\3.20.0\commons-lang3-3.20.0.jar;C:\Users\acer\.m2\repository\io\swagger\core\v3\swagger-annotations-jakarta\2.2.22\swagger-annotations-jakarta-2.2.22.jar;C:\Users\acer\.m2\repository\io\swagger\core\v3\swagger-models-jakarta\2.2.22\swagger-models-jakarta-2.2.22.jar;C:\Users\acer\.m2\repository\com\fasterxml\jackson\dataformat\jackson-dataformat-yaml\2.21.4\jackson-dataformat-yaml-2.21.4.jar;C:\Users\acer\.m2\repository\com\fasterxml\jackson\datatype\jackson-datatype-jsr310\2.21.4\jackson-datatype-jsr310-2.21.4.jar;C:\Users\acer\.m2\repository\org\webjars\swagger-ui\5.17.14\swagger-ui-5.17.14.jar;C:\Users\acer\.m2\repository\org\springframework\boot\spring-boot-starter-data-jpa\4.1.0\spring-boot-starter-data-jpa-4.1.0.jar;C:\Users\acer\.m2\repository\org\springframework\boot\spring-boot-starter-jdbc\4.1.0\spring-boot-starter-jdbc-4.1.0.jar;C:\Users\acer\.m2\repository\com\zaxxer\HikariCP\7.0.2\HikariCP-7.0.2.jar;C:\Users\acer\.m2\repository\org\springframework\boot\spring-boot-data-jpa\4.1.0\spring-boot-data-jpa-4.1.0.jar;C:\Users\acer\.m2\repository\org\springframework\boot\spring-boot-data-commons\4.1.0\spring-boot-data-commons-4.1.0.jar;C:\Users\acer\.m2\repository\org\springframework\boot\spring-boot-persistence\4.1.0\spring-boot-persistence-4.1.0.jar;C:\Users\acer\.m2\repository\org\springframework\data\spring-data-commons\4.1.0\spring-data-commons-4.1.0.jar;C:\Users\acer\.m2\repository\org\springframework\boot\spring-boot-hibernate\4.1.0\spring-boot-hibernate-4.1.0.jar;C:\Users\acer\.m2\repository\org\springframework\boot\spring-boot-jpa\4.1.0\spring-boot-jpa-4.1.0.jar;C:\Users\acer\.m2\repository\jakarta\persistence\jakarta.persistence-api\3.2.0\jakarta.persistence-api-3.2.0.jar;C:\Users\acer\.m2\repository\org\hibernate\orm\hibernate-core\7.4.1.Final\hibernate-core-7.4.1.Final.jar;C:\Users\acer\.m2\repository\jakarta\transaction\jakarta.transaction-api\2.0.1\jakarta.transaction-api-2.0.1.jar;C:\Users\acer\.m2\repository\org\springframework\spring-orm\7.0.8\spring-orm-7.0.8.jar;C:\Users\acer\.m2\repository\org\springframework\data\spring-data-jpa\4.1.0\spring-data-jpa-4.1.0.jar;C:\Users\acer\.m2\repository\org\antlr\antlr4-runtime\4.13.2\antlr4-runtime-4.13.2.jar;C:\Users\acer\.m2\repository\org\springframework\spring-aspects\7.0.8\spring-aspects-7.0.8.jar;C:\Users\acer\.m2\repository\org\aspectj\aspectjweaver\1.9.25.1\aspectjweaver-1.9.25.1.jar;C:\Users\acer\.m2\repository\org\springframework\boot\spring-boot-jdbc\4.1.0\spring-boot-jdbc-4.1.0.jar;C:\Users\acer\.m2\repository\org\springframework\boot\spring-boot-sql\4.1.0\spring-boot-sql-4.1.0.jar;C:\Users\acer\.m2\repository\org\springframework\boot\spring-boot-transaction\4.1.0\spring-boot-transaction-4.1.0.jar;C:\Users\acer\.m2\repository\org\springframework\spring-jdbc\7.0.8\spring-jdbc-7.0.8.jar;C:\Users\acer\.m2\repository\io\jsonwebtoken\jjwt-api\0.12.6\jjwt-api-0.12.6.jar;C:\Users\acer\.m2\repository\com\fasterxml\jackson\core\jackson-databind\2.21.4\jackson-databind-2.21.4.jar;C:\Users\acer\.m2\repository\com\fasterxml\jackson\core\jackson-annotations\2.21\jackson-annotations-2.21.jar;C:\Users\acer\.m2\repository\com\fasterxml\jackson\core\jackson-core\2.21.4\jackson-core-2.21.4.jar;C:\Users\acer\.m2\repository\org\springframework\boot\spring-boot-starter\4.1.0\spring-boot-starter-4.1.0.jar;C:\Users\acer\.m2\repository\org\springframework\boot\spring-boot-starter-logging\4.1.0\spring-boot-starter-logging-4.1.0.jar;C:\Users\acer\.m2\repository\ch\qos\logback\logback-classic\1.5.34\logback-classic-1.5.34.jar;C:\Users\acer\.m2\repository\ch\qos\logback\logback-core\1.5.34\logback-core-1.5.34.jar;C:\Users\acer\.m2\repository\org\apache\logging\log4j\log4j-to-slf4j\2.25.4\log4j-to-slf4j-2.25.4.jar;C:\Users\acer\.m2\repository\org\apache\logging\log4j\log4j-api\2.25.4\log4j-api-2.25.4.jar;C:\Users\acer\.m2\repository\org\slf4j\jul-to-slf4j\2.0.18\jul-to-slf4j-2.0.18.jar;C:\Users\acer\.m2\repository\org\springframework\boot\spring-boot-autoconfigure\4.1.0\spring-boot-autoconfigure-4.1.0.jar;C:\Users\acer\.m2\repository\jakarta\annotation\jakarta.annotation-api\3.0.0\jakarta.annotation-api-3.0.0.jar;C:\Users\acer\.m2\repository\org\yaml\snakeyaml\2.6\snakeyaml-2.6.jar;C:\Users\acer\.m2\repository\jakarta\xml\bind\jakarta.xml.bind-api\4.0.5\jakarta.xml.bind-api-4.0.5.jar;C:\Users\acer\.m2\repository\jakarta\activation\jakarta.activation-api\2.1.4\jakarta.activation-api-2.1.4.jar;C:\Users\acer\.m2\repository\org\springframework\spring-core\7.0.8\spring-core-7.0.8.jar;C:\Users\acer\.m2\repository\commons-logging\commons-logging\1.3.6\commons-logging-1.3.6.jar;C:\Users\acer\.m2\repository\org\projectlombok\lombok\1.18.38\lombok-1.18.38.jar; -sourcepath C:\Users\acer\Downloads\booking-system\booking-system\common\src\main\java;C:\Users\acer\Downloads\booking-system\booking-system\common\target\generated-sources\annotations; -s C:\Users\acer\Downloads\booking-system\booking-system\common\target\generated-sources\annotations -proc:full -processorpath C:\Users\acer\.m2\repository\org\projectlombok\lombok\1.18.38\lombok-1.18.38.jar;C:\Users\acer\.m2\repository\org\mapstruct\mapstruct-processor\1.6.3\mapstruct-processor-1.6.3.jar;C:\Users\acer\.m2\repository\org\projectlombok\lombok-mapstruct-binding\0.2.0\lombok-mapstruct-binding-0.2.0.jar; -g -parameters --release 21 -encoding UTF-8 -XDuseUnsharedTable=true
[DEBUG] incrementalBuildHelper#beforeRebuildExecution
[INFO] Compiling 26 source files with javac [debug parameters release 21] to target\classes
[DEBUG] incrementalBuildHelper#afterRebuildExecution
[INFO] 
[INFO] --------------------< com.krushna:booking-service >---------------------
[INFO] Building booking-service 1.0.0-SNAPSHOT                            [3/3]
[INFO]   from booking-service\pom.xml
[INFO] --------------------------------[ jar ]---------------------------------
[DEBUG] Lifecycle clean -> [pre-clean, clean, post-clean]
[DEBUG] Lifecycle default -> [validate, initialize, generate-sources, process-sources, generate-resources, process-resources, compile, process-classes, generate-test-sources, process-test-sources, generate-test-resources, process-test-resources, test-compile, process-test-classes, test, prepare-package, package, pre-integration-test, integration-test, post-integration-test, verify, install, deploy]
[DEBUG] Lifecycle site -> [pre-site, site, post-site, site-deploy]
[DEBUG] Lifecycle clean -> [pre-clean, clean, post-clean]
[DEBUG] Lifecycle default -> [validate, initialize, generate-sources, process-sources, generate-resources, process-resources, compile, process-classes, generate-test-sources, process-test-sources, generate-test-resources, process-test-resources, test-compile, process-test-classes, test, prepare-package, package, pre-integration-test, integration-test, post-integration-test, verify, install, deploy]
[DEBUG] Lifecycle site -> [pre-site, site, post-site, site-deploy]
[DEBUG] Lifecycle clean -> [pre-clean, clean, post-clean]
[DEBUG] Lifecycle default -> [validate, initialize, generate-sources, process-sources, generate-resources, process-resources, compile, process-classes, generate-test-sources, process-test-sources, generate-test-resources, process-test-resources, test-compile, process-test-classes, test, prepare-package, package, pre-integration-test, integration-test, post-integration-test, verify, install, deploy]
[DEBUG] Lifecycle site -> [pre-site, site, post-site, site-deploy]
[DEBUG] Lifecycle clean -> [pre-clean, clean, post-clean]
[DEBUG] Lifecycle default -> [validate, initialize, generate-sources, process-sources, generate-resources, process-resources, compile, process-classes, generate-test-sources, process-test-sources, generate-test-resources, process-test-resources, test-compile, process-test-classes, test, prepare-package, package, pre-integration-test, integration-test, post-integration-test, verify, install, deploy]
[DEBUG] Lifecycle site -> [pre-site, site, post-site, site-deploy]
[DEBUG] Lifecycle clean -> [pre-clean, clean, post-clean]
[DEBUG] Lifecycle default -> [validate, initialize, generate-sources, process-sources, generate-resources, process-resources, compile, process-classes, generate-test-sources, process-test-sources, generate-test-resources, process-test-resources, test-compile, process-test-classes, test, prepare-package, package, pre-integration-test, integration-test, post-integration-test, verify, install, deploy]
[DEBUG] Lifecycle site -> [pre-site, site, post-site, site-deploy]
[DEBUG] === PROJECT BUILD PLAN ================================================
[DEBUG] Project:       com.krushna:booking-service:1.0.0-SNAPSHOT
[DEBUG] Dependencies (collect): []
[DEBUG] Dependencies (resolve): [compile]
[DEBUG] Repositories (dependencies): [central (https://repo.maven.apache.org/maven2, default, releases)]
[DEBUG] Repositories (plugins)     : [central (https://repo.maven.apache.org/maven2, default, releases)]
[DEBUG] -----------------------------------------------------------------------
[DEBUG] Goal:          org.apache.maven.plugins:maven-clean-plugin:3.5.0:clean (default-clean)
[DEBUG] Style:         Regular
[DEBUG] Configuration: <?xml version="1.0" encoding="UTF-8"?>
<configuration>
  <directory default-value="${project.build.directory}"/>
  <excludeDefaultDirectories default-value="false">${maven.clean.excludeDefaultDirectories}</excludeDefaultDirectories>
  <failOnError default-value="true">${maven.clean.failOnError}</failOnError>
  <fast default-value="false">${maven.clean.fast}</fast>
  <fastDir>${maven.clean.fastDir}</fastDir>
  <fastMode default-value="background">${maven.clean.fastMode}</fastMode>
  <followSymLinks default-value="false">${maven.clean.followSymLinks}</followSymLinks>
  <force default-value="false">${maven.clean.force}</force>
  <outputDirectory default-value="${project.build.outputDirectory}"/>
  <reportDirectory default-value="${project.build.outputDirectory}"/>
  <retryOnError default-value="true">${maven.clean.retryOnError}</retryOnError>
  <session default-value="${session}"/>
  <skip default-value="false">${maven.clean.skip}</skip>
  <testOutputDirectory default-value="${project.build.testOutputDirectory}"/>
  <verbose>${maven.clean.verbose}</verbose>
</configuration>
[DEBUG] -----------------------------------------------------------------------
[DEBUG] Goal:          org.apache.maven.plugins:maven-resources-plugin:3.5.0:resources (default-resources)
[DEBUG] Style:         Regular
[DEBUG] Configuration: <?xml version="1.0" encoding="UTF-8"?>
<configuration>
  <addDefaultExcludes default-value="true"/>
  <buildFilters default-value="${project.build.filters}"/>
  <delimiters>
    <delimiter>@</delimiter>
  </delimiters>
  <encoding default-value="${project.build.sourceEncoding}"/>
  <escapeWindowsPaths default-value="true"/>
  <fileNameFiltering default-value="false"/>
  <includeEmptyDirs default-value="false"/>
  <outputDirectory default-value="${project.build.outputDirectory}"/>
  <overwrite default-value="false"/>
  <project default-value="${project}"/>
  <propertiesEncoding>UTF-8</propertiesEncoding>
  <resources default-value="${project.resources}"/>
  <session default-value="${session}"/>
  <skip default-value="false">${maven.resources.skip}</skip>
  <supportMultiLineFiltering default-value="false"/>
  <useBuildFilters default-value="true"/>
  <useDefaultDelimiters default-value="true">false</useDefaultDelimiters>
</configuration>
[DEBUG] -----------------------------------------------------------------------
[DEBUG] Goal:          org.apache.maven.plugins:maven-compiler-plugin:3.13.0:compile (default-compile)
[DEBUG] Style:         Regular
[DEBUG] Configuration: <?xml version="1.0" encoding="UTF-8"?>
<configuration>
  <annotationProcessorPaths>
    <path>
      <groupId>org.projectlombok</groupId>
      <artifactId>lombok</artifactId>
      <version>1.18.38</version>
    </path>
    <path>
      <groupId>org.mapstruct</groupId>
      <artifactId>mapstruct-processor</artifactId>
      <version>1.6.3</version>
    </path>
    <path>
      <groupId>org.projectlombok</groupId>
      <artifactId>lombok-mapstruct-binding</artifactId>
      <version>0.2.0</version>
    </path>
  </annotationProcessorPaths>
  <annotationProcessorPathsUseDepMgmt default-value="false"/>
  <basedir default-value="${basedir}"/>
  <buildDirectory default-value="${project.build.directory}"/>
  <compilePath default-value="${project.compileClasspathElements}"/>
  <compileSourceRoots default-value="${project.compileSourceRoots}"/>
  <compilerId default-value="javac">${maven.compiler.compilerId}</compilerId>
  <compilerReuseStrategy default-value="${reuseCreated}">${maven.compiler.compilerReuseStrategy}</compilerReuseStrategy>
  <compilerVersion>${maven.compiler.compilerVersion}</compilerVersion>
  <createMissingPackageInfoClass default-value="true">${maven.compiler.createMissingPackageInfoClass}</createMissingPackageInfoClass>
  <debug default-value="true">${maven.compiler.debug}</debug>
  <debugFileName default-value="javac"/>
  <debuglevel>${maven.compiler.debuglevel}</debuglevel>
  <enablePreview default-value="false">${maven.compiler.enablePreview}</enablePreview>
  <encoding default-value="${project.build.sourceEncoding}">${encoding}</encoding>
  <executable>${maven.compiler.executable}</executable>
  <failOnError default-value="true">${maven.compiler.failOnError}</failOnError>
  <failOnWarning default-value="false">${maven.compiler.failOnWarning}</failOnWarning>
  <fileExtensions default-value="class,jar"/>
  <forceJavacCompilerUse default-value="false">${maven.compiler.forceJavacCompilerUse}</forceJavacCompilerUse>
  <forceLegacyJavacApi default-value="false">${maven.compiler.forceLegacyJavacApi}</forceLegacyJavacApi>
  <fork default-value="false">${maven.compiler.fork}</fork>
  <generatedSourcesDirectory default-value="${project.build.directory}/generated-sources/annotations"/>
  <implicit>${maven.compiler.implicit}</implicit>
  <maxmem>${maven.compiler.maxmem}</maxmem>
  <meminitial>${maven.compiler.meminitial}</meminitial>
  <mojoExecution default-value="${mojoExecution}"/>
  <optimize default-value="false">${maven.compiler.optimize}</optimize>
  <outputDirectory default-value="${project.build.outputDirectory}">${maven.compiler.outputDirectory}</outputDirectory>
  <outputTimestamp default-value="${project.build.outputTimestamp}"/>
  <parameters default-value="false">true</parameters>
  <proc>full</proc>
  <project default-value="${project}"/>
  <projectArtifact default-value="${project.artifact}"/>
  <release>21</release>
  <session default-value="${session}"/>
  <showCompilationChanges default-value="false">${maven.compiler.showCompilationChanges}</showCompilationChanges>
  <showDeprecation default-value="false">${maven.compiler.showDeprecation}</showDeprecation>
  <showWarnings default-value="true">${maven.compiler.showWarnings}</showWarnings>
  <skipMain>${maven.main.skip}</skipMain>
  <skipMultiThreadWarning default-value="false">${maven.compiler.skipMultiThreadWarning}</skipMultiThreadWarning>
  <source default-value="1.8">${maven.compiler.source}</source>
  <staleMillis default-value="0">${lastModGranularityMs}</staleMillis>
  <target default-value="1.8">${maven.compiler.target}</target>
  <useIncrementalCompilation default-value="true">${maven.compiler.useIncrementalCompilation}</useIncrementalCompilation>
  <verbose default-value="false">${maven.compiler.verbose}</verbose>
</configuration>
[DEBUG] =======================================================================
[DEBUG] Dependency collection stats {ConflictMarker.analyzeTime=1265200, ConflictMarker.markTime=429500, ConflictMarker.nodeCount=541, ConflictIdSorter.graphTime=727200, ConflictIdSorter.topsortTime=272000, ConflictIdSorter.conflictIdCount=183, ConflictIdSorter.conflictIdCycleCount=0, ConflictResolver.totalTime=39254300, ConflictResolver.conflictItemCount=411, DfDependencyCollector.collectTime=1854598400, DfDependencyCollector.transformTime=48480300}
[DEBUG] com.krushna:booking-service:jar:1.0.0-SNAPSHOT
[DEBUG]    com.krushna:common:jar:1.0.0-SNAPSHOT:compile
[DEBUG]       io.jsonwebtoken:jjwt-api:jar:0.12.6:compile
[DEBUG]       io.jsonwebtoken:jjwt-impl:jar:0.12.6:runtime
[DEBUG]       io.jsonwebtoken:jjwt-jackson:jar:0.12.6:runtime
[DEBUG]    org.mapstruct:mapstruct:jar:1.6.3:compile
[DEBUG]    org.projectlombok:lombok:jar:1.18.38:provided
[DEBUG]    org.springframework.boot:spring-boot-starter-web:jar:4.1.0:compile
[DEBUG]       org.springframework.boot:spring-boot-starter-jackson:jar:4.1.0:compile (version managed from 4.1.0)
[DEBUG]       org.springframework.boot:spring-boot-starter-tomcat:jar:4.1.0:compile (version managed from 4.1.0)
[DEBUG]          org.springframework.boot:spring-boot-starter-tomcat-runtime:jar:4.1.0:compile (version managed from 4.1.0)
[DEBUG]             org.springframework.boot:spring-boot-web-server:jar:4.1.0:compile (version managed from 4.1.0)
[DEBUG]             org.apache.tomcat.embed:tomcat-embed-core:jar:11.0.22:compile (version managed from 11.0.22)
[DEBUG]             org.apache.tomcat.embed:tomcat-embed-websocket:jar:11.0.22:compile (version managed from 11.0.22)
[DEBUG]          org.springframework.boot:spring-boot-tomcat:jar:4.1.0:compile (version managed from 4.1.0)
[DEBUG]       org.springframework.boot:spring-boot-http-converter:jar:4.1.0:compile (version managed from 4.1.0)
[DEBUG]          org.springframework.boot:spring-boot:jar:4.1.0:compile (version managed from 4.1.0)
[DEBUG]          org.springframework:spring-web:jar:7.0.8:compile (version managed from 7.0.8)
[DEBUG]       org.springframework.boot:spring-boot-webmvc:jar:4.1.0:compile (version managed from 4.1.0)
[DEBUG]          org.springframework.boot:spring-boot-servlet:jar:4.1.0:compile (version managed from 4.1.0)
[DEBUG]          org.springframework:spring-webmvc:jar:7.0.8:compile (version managed from 7.0.8)
[DEBUG]    org.springframework.boot:spring-boot-starter-json:jar:4.1.0:compile
[DEBUG]       org.springframework.boot:spring-boot-jackson:jar:4.1.0:compile (version managed from 4.1.0)
[DEBUG]    com.fasterxml.jackson.core:jackson-databind:jar:2.21.4:compile
[DEBUG]       com.fasterxml.jackson.core:jackson-annotations:jar:2.21:compile (version managed from 2.21)
[DEBUG]       com.fasterxml.jackson.core:jackson-core:jar:2.21.4:compile (version managed from 2.21.4)
[DEBUG]    com.fasterxml.jackson.datatype:jackson-datatype-jsr310:jar:2.21.4:compile
[DEBUG]    org.springframework.boot:spring-boot-starter-data-jpa:jar:4.1.0:compile
[DEBUG]       org.springframework.boot:spring-boot-starter-jdbc:jar:4.1.0:compile (version managed from 4.1.0)
[DEBUG]          com.zaxxer:HikariCP:jar:7.0.2:compile (version managed from 7.0.2)
[DEBUG]       org.springframework.boot:spring-boot-data-jpa:jar:4.1.0:compile (version managed from 4.1.0)
[DEBUG]          org.springframework.boot:spring-boot-data-commons:jar:4.1.0:compile (version managed from 4.1.0)
[DEBUG]             org.springframework.boot:spring-boot-persistence:jar:4.1.0:compile (version managed from 4.1.0)
[DEBUG]             org.springframework.data:spring-data-commons:jar:4.1.0:compile (version managed from 4.1.0)
[DEBUG]          org.springframework.boot:spring-boot-hibernate:jar:4.1.0:compile (version managed from 4.1.0)
[DEBUG]             org.springframework.boot:spring-boot-jpa:jar:4.1.0:compile (version managed from 4.1.0)
[DEBUG]                jakarta.persistence:jakarta.persistence-api:jar:3.2.0:compile (version managed from 3.2.0)
[DEBUG]             org.hibernate.orm:hibernate-core:jar:7.4.1.Final:compile (version managed from 7.4.1.Final)
[DEBUG]                jakarta.transaction:jakarta.transaction-api:jar:2.0.1:compile (version managed from 2.0.1)
[DEBUG]                org.hibernate.models:hibernate-models:jar:1.1.1:runtime
[DEBUG]                org.glassfish.jaxb:jaxb-runtime:jar:4.0.9:runtime (version managed from 4.0.7)
[DEBUG]                   org.glassfish.jaxb:jaxb-core:jar:4.0.9:runtime (version managed from 4.0.9)
[DEBUG]                      org.eclipse.angus:angus-activation:jar:2.0.3:runtime
[DEBUG]                      org.glassfish.jaxb:txw2:jar:4.0.9:runtime (version managed from 4.0.9)
[DEBUG]                      com.sun.istack:istack-commons-runtime:jar:4.1.2:runtime
[DEBUG]                jakarta.inject:jakarta.inject-api:jar:2.0.1:runtime (version managed from 2.0.1)
[DEBUG]             org.springframework:spring-orm:jar:7.0.8:compile (version managed from 7.0.8)
[DEBUG]          org.springframework.data:spring-data-jpa:jar:4.1.0:compile (version managed from 4.1.0)
[DEBUG]             org.antlr:antlr4-runtime:jar:4.13.2:compile
[DEBUG]       org.springframework.boot:spring-boot-jdbc:jar:4.1.0:compile (version managed from 4.1.0)
[DEBUG]          org.springframework.boot:spring-boot-sql:jar:4.1.0:compile (version managed from 4.1.0)
[DEBUG]          org.springframework.boot:spring-boot-transaction:jar:4.1.0:compile (version managed from 4.1.0)
[DEBUG]          org.springframework:spring-jdbc:jar:7.0.8:compile (version managed from 7.0.8)
[DEBUG]    org.springframework.boot:spring-boot-starter-validation:jar:4.1.0:compile
[DEBUG]       org.springframework.boot:spring-boot-validation:jar:4.1.0:compile (version managed from 4.1.0)
[DEBUG]          org.apache.tomcat.embed:tomcat-embed-el:jar:11.0.22:compile (version managed from 11.0.22)
[DEBUG]          org.hibernate.validator:hibernate-validator:jar:9.1.0.Final:compile (version managed from 9.1.0.Final)
[DEBUG]             jakarta.validation:jakarta.validation-api:jar:3.1.1:compile (version managed from 3.1.1)
[DEBUG]             org.jboss.logging:jboss-logging:jar:3.6.3.Final:compile (version managed from 3.6.1.Final)
[DEBUG]             com.fasterxml:classmate:jar:1.7.3:compile (version managed from 1.7.1)
[DEBUG]    org.springframework.boot:spring-boot-starter-security:jar:4.1.0:compile
[DEBUG]       org.springframework.boot:spring-boot-security:jar:4.1.0:compile (version managed from 4.1.0)
[DEBUG]          org.springframework.security:spring-security-config:jar:7.1.0:compile (version managed from 7.1.0)
[DEBUG]             org.springframework.security:spring-security-core:jar:7.1.0:compile (version managed from 7.1.0)
[DEBUG]                org.springframework.security:spring-security-crypto:jar:7.1.0:compile (version managed from 7.1.0)
[DEBUG]          org.springframework.security:spring-security-web:jar:7.1.0:compile (version managed from 7.1.0)
[DEBUG]       org.springframework:spring-aop:jar:7.0.8:compile (version managed from 7.0.8)
[DEBUG]          org.springframework:spring-beans:jar:7.0.8:compile (version managed from 7.0.8)
[DEBUG]    org.springframework.boot:spring-boot-starter-actuator:jar:4.1.0:compile
[DEBUG]       org.springframework.boot:spring-boot-starter-micrometer-metrics:jar:4.1.0:compile (version managed from 4.1.0)
[DEBUG]          org.springframework.boot:spring-boot-micrometer-metrics:jar:4.1.0:compile (version managed from 4.1.0)
[DEBUG]             org.springframework.boot:spring-boot-micrometer-observation:jar:4.1.0:compile (version managed from 4.1.0)
[DEBUG]       org.springframework.boot:spring-boot-actuator-autoconfigure:jar:4.1.0:compile (version managed from 4.1.0)
[DEBUG]          org.springframework.boot:spring-boot-actuator:jar:4.1.0:compile (version managed from 4.1.0)
[DEBUG]       org.springframework.boot:spring-boot-health:jar:4.1.0:compile (version managed from 4.1.0)
[DEBUG]       io.micrometer:micrometer-observation:jar:1.17.0:compile (version managed from 1.17.0)
[DEBUG]          org.jspecify:jspecify:jar:1.0.0:compile (version managed from 1.0.0)
[DEBUG]          io.micrometer:micrometer-commons:jar:1.17.0:compile (version managed from 1.17.0)
[DEBUG]       io.micrometer:micrometer-jakarta9:jar:1.17.0:compile (version managed from 1.17.0)
[DEBUG]          io.micrometer:micrometer-core:jar:1.17.0:compile (version managed from 1.17.0)
[DEBUG]             org.hdrhistogram:HdrHistogram:jar:2.2.2:runtime
[DEBUG]    org.springframework.boot:spring-boot-starter-data-redis:jar:4.1.0:compile
[DEBUG]       org.springframework.boot:spring-boot-data-redis:jar:4.1.0:compile (version managed from 4.1.0)
[DEBUG]          io.lettuce:lettuce-core:jar:7.5.2.RELEASE:compile (version managed from 7.5.2.RELEASE)
[DEBUG]             redis.clients.authentication:redis-authx-core:jar:0.1.1-beta2:compile
[DEBUG]             io.netty:netty-common:jar:4.2.15.Final:compile (version managed from 4.2.13.Final)
[DEBUG]             io.netty:netty-handler:jar:4.2.15.Final:compile (version managed from 4.2.13.Final)
[DEBUG]                io.netty:netty-resolver:jar:4.2.15.Final:compile (version managed from 4.2.15.Final)
[DEBUG]                io.netty:netty-buffer:jar:4.2.15.Final:compile (version managed from 4.2.15.Final)
[DEBUG]                io.netty:netty-transport-native-unix-common:jar:4.2.15.Final:compile (version managed from 4.2.15.Final)
[DEBUG]                io.netty:netty-codec-base:jar:4.2.15.Final:compile (version managed from 4.2.15.Final)
[DEBUG]             io.netty:netty-transport:jar:4.2.15.Final:compile (version managed from 4.2.13.Final)
[DEBUG]             io.projectreactor:reactor-core:jar:3.8.6:compile (version managed from 3.6.6)
[DEBUG]                org.reactivestreams:reactive-streams:jar:1.0.4:compile (version managed from 1.0.4)
[DEBUG]             io.netty:netty-resolver-dns:jar:4.2.15.Final:compile (version managed from 4.2.13.Final)
[DEBUG]                io.netty:netty-codec-dns:jar:4.2.15.Final:compile (version managed from 4.2.15.Final)
[DEBUG]          org.springframework.data:spring-data-redis:jar:4.1.0:compile (version managed from 4.1.0)
[DEBUG]             org.springframework.data:spring-data-keyvalue:jar:4.1.0:compile (version managed from 4.1.0)
[DEBUG]             org.springframework:spring-oxm:jar:7.0.8:compile (version managed from 7.0.8)
[DEBUG]             org.springframework:spring-context-support:jar:7.0.8:compile (version managed from 7.0.8)
[DEBUG]          org.springframework.boot:spring-boot-netty:jar:4.1.0:runtime (version managed from 4.1.0)
[DEBUG]       org.springframework:spring-messaging:jar:7.0.8:compile (version managed from 7.0.8)
[DEBUG]    org.springframework.kafka:spring-kafka:jar:4.1.0:compile
[DEBUG]       org.springframework:spring-context:jar:7.0.8:compile (version managed from 7.0.8)
[DEBUG]          org.springframework:spring-expression:jar:7.0.8:compile (version managed from 7.0.8)
[DEBUG]       org.springframework:spring-tx:jar:7.0.8:compile (version managed from 7.0.8)
[DEBUG]       org.apache.kafka:kafka-clients:jar:4.2.1:compile (version managed from 4.2.1)
[DEBUG]          com.github.luben:zstd-jni:jar:1.5.6-10:runtime
[DEBUG]          at.yawk.lz4:lz4-java:jar:1.10.1:runtime
[DEBUG]          org.xerial.snappy:snappy-java:jar:1.1.10.7:runtime
[DEBUG]       com.github.spotbugs:spotbugs-annotations:jar:4.9.8:runtime
[DEBUG]          com.google.code.findbugs:jsr305:jar:3.0.2:runtime
[DEBUG]    org.springframework.retry:spring-retry:jar:2.0.12:compile
[DEBUG]    org.springframework:spring-aspects:jar:7.0.8:compile
[DEBUG]       org.aspectj:aspectjweaver:jar:1.9.25.1:compile (version managed from 1.9.25)
[DEBUG]    org.flywaydb:flyway-core:jar:12.4.0:compile
[DEBUG]       tools.jackson.core:jackson-databind:jar:3.1.4:compile (version managed from 3.1.1)
[DEBUG]          tools.jackson.core:jackson-core:jar:3.1.4:compile (version managed from 3.1.4)
[DEBUG]    org.postgresql:postgresql:jar:42.7.11:runtime
[DEBUG]    org.testcontainers:testcontainers:jar:1.20.0:test
[DEBUG]       junit:junit:jar:4.13.2:test (version managed from 4.13.2)
[DEBUG]          org.hamcrest:hamcrest-core:jar:3.0:test (version managed from 1.3)
[DEBUG]       org.slf4j:slf4j-api:jar:2.0.18:compile (version managed from 1.7.36)
[DEBUG]       org.apache.commons:commons-compress:jar:1.24.0:test
[DEBUG]       org.rnorth.duct-tape:duct-tape:jar:1.0.8:test
[DEBUG]          org.jetbrains:annotations:jar:17.0.0:test
[DEBUG]       com.github.docker-java:docker-java-api:jar:3.4.0:test
[DEBUG]       com.github.docker-java:docker-java-transport-zerodep:jar:3.4.0:test
[DEBUG]          com.github.docker-java:docker-java-transport:jar:3.4.0:test
[DEBUG]          net.java.dev.jna:jna:jar:5.13.0:test
[DEBUG]    org.testcontainers:junit-jupiter:jar:1.20.0:test
[DEBUG]    org.springdoc:springdoc-openapi-starter-webmvc-ui:jar:2.8.9:compile
[DEBUG]       org.springdoc:springdoc-openapi-starter-webmvc-api:jar:2.8.9:compile
[DEBUG]          org.springdoc:springdoc-openapi-starter-common:jar:2.8.9:compile
[DEBUG]             io.swagger.core.v3:swagger-core-jakarta:jar:2.2.30:compile
[DEBUG]                org.apache.commons:commons-lang3:jar:3.20.0:compile (version managed from 3.17.0)
[DEBUG]                io.swagger.core.v3:swagger-annotations-jakarta:jar:2.2.30:compile
[DEBUG]                io.swagger.core.v3:swagger-models-jakarta:jar:2.2.30:compile
[DEBUG]                com.fasterxml.jackson.dataformat:jackson-dataformat-yaml:jar:2.21.4:compile (version managed from 2.18.2)
[DEBUG]       org.webjars:swagger-ui:jar:5.21.0:compile
[DEBUG]       org.webjars:webjars-locator-lite:jar:1.1.3:compile (version managed from 1.1.0)
[DEBUG]    org.springframework.boot:spring-boot-starter:jar:4.1.0:compile
[DEBUG]       org.springframework.boot:spring-boot-starter-logging:jar:4.1.0:compile (version managed from 4.1.0)
[DEBUG]          ch.qos.logback:logback-classic:jar:1.5.34:compile (version managed from 1.5.34)
[DEBUG]             ch.qos.logback:logback-core:jar:1.5.34:compile (version managed from 1.5.34)
[DEBUG]          org.apache.logging.log4j:log4j-to-slf4j:jar:2.25.4:compile (version managed from 2.25.4)
[DEBUG]             org.apache.logging.log4j:log4j-api:jar:2.25.4:compile (version managed from 2.25.4)
[DEBUG]          org.slf4j:jul-to-slf4j:jar:2.0.18:compile (version managed from 2.0.18)
[DEBUG]       org.springframework.boot:spring-boot-autoconfigure:jar:4.1.0:compile (version managed from 4.1.0)
[DEBUG]       jakarta.annotation:jakarta.annotation-api:jar:3.0.0:compile (version managed from 3.0.0)
[DEBUG]       org.yaml:snakeyaml:jar:2.6:compile (version managed from 2.6)
[DEBUG]    org.springframework.boot:spring-boot-starter-test:jar:4.1.0:test
[DEBUG]       org.springframework.boot:spring-boot-test:jar:4.1.0:test (version managed from 4.1.0)
[DEBUG]       org.springframework.boot:spring-boot-test-autoconfigure:jar:4.1.0:test (version managed from 4.1.0)
[DEBUG]       com.jayway.jsonpath:json-path:jar:2.10.0:test (version managed from 2.10.0)
[DEBUG]       jakarta.xml.bind:jakarta.xml.bind-api:jar:4.0.5:compile (version managed from 4.0.5)
[DEBUG]          jakarta.activation:jakarta.activation-api:jar:2.1.4:compile (version managed from 2.1.4)
[DEBUG]       net.minidev:json-smart:jar:2.6.0:test (version managed from 2.6.0)
[DEBUG]          net.minidev:accessors-smart:jar:2.6.0:test
[DEBUG]             org.ow2.asm:asm:jar:9.7.1:test
[DEBUG]       org.assertj:assertj-core:jar:3.27.7:test (version managed from 3.27.7)
[DEBUG]          net.bytebuddy:byte-buddy:jar:1.18.10:runtime (version managed from 1.18.3)
[DEBUG]       org.awaitility:awaitility:jar:4.3.0:test (version managed from 4.3.0)
[DEBUG]       org.hamcrest:hamcrest:jar:3.0:test (version managed from 3.0)
[DEBUG]       org.junit.jupiter:junit-jupiter:jar:6.0.3:test (version managed from 6.0.3)
[DEBUG]          org.junit.jupiter:junit-jupiter-api:jar:6.0.3:test (version managed from 6.0.3)
[DEBUG]             org.opentest4j:opentest4j:jar:1.3.0:test
[DEBUG]             org.junit.platform:junit-platform-commons:jar:6.0.3:test (version managed from 6.0.3)
[DEBUG]             org.apiguardian:apiguardian-api:jar:1.1.2:test
[DEBUG]          org.junit.jupiter:junit-jupiter-params:jar:6.0.3:test (version managed from 6.0.3)
[DEBUG]          org.junit.jupiter:junit-jupiter-engine:jar:6.0.3:test (version managed from 6.0.3)
[DEBUG]             org.junit.platform:junit-platform-engine:jar:6.0.3:test (version managed from 6.0.3)
[DEBUG]       org.mockito:mockito-core:jar:5.23.0:test (version managed from 5.23.0)
[DEBUG]          net.bytebuddy:byte-buddy-agent:jar:1.18.10:test (version managed from 1.17.7)
[DEBUG]          org.objenesis:objenesis:jar:3.3:test
[DEBUG]       org.mockito:mockito-junit-jupiter:jar:5.23.0:test (version managed from 5.23.0)
[DEBUG]       org.skyscreamer:jsonassert:jar:1.5.3:test (version managed from 1.5.3)
[DEBUG]          com.vaadin.external.google:android-json:jar:0.0.20131108.vaadin1:test
[DEBUG]       org.springframework:spring-core:jar:7.0.8:compile (version managed from 7.0.8)
[DEBUG]          commons-logging:commons-logging:jar:1.3.6:compile (version managed from 1.3.5)
[DEBUG]       org.springframework:spring-test:jar:7.0.8:test (version managed from 7.0.8)
[DEBUG]       org.xmlunit:xmlunit-core:jar:2.11.0:test (version managed from 2.11.0)
[INFO] 
[INFO] --- clean:3.5.0:clean (default-clean) @ booking-service ---
[DEBUG] Loading mojo org.apache.maven.plugins:maven-clean-plugin:3.5.0:clean from plugin realm ClassRealm[plugin>org.apache.maven.plugins:maven-clean-plugin:3.5.0, parent: jdk.internal.loader.ClassLoaders$AppClassLoader@33909752]
[DEBUG] Configuring mojo execution 'org.apache.maven.plugins:maven-clean-plugin:3.5.0:clean:default-clean' with basic configurator -->
[DEBUG]   (f) directory = C:\Users\acer\Downloads\booking-system\booking-system\booking-service\target
[DEBUG]   (f) excludeDefaultDirectories = false
[DEBUG]   (f) failOnError = true
[DEBUG]   (f) fast = false
[DEBUG]   (f) fastMode = background
[DEBUG]   (f) followSymLinks = false
[DEBUG]   (f) force = false
[DEBUG]   (f) outputDirectory = C:\Users\acer\Downloads\booking-system\booking-system\booking-service\target\classes
[DEBUG]   (f) reportDirectory = C:\Users\acer\Downloads\booking-system\booking-system\booking-service\target\classes
[DEBUG]   (f) retryOnError = true
[DEBUG]   (f) session = org.apache.maven.execution.MavenSession@38792286
[DEBUG]   (f) skip = false
[DEBUG]   (f) testOutputDirectory = C:\Users\acer\Downloads\booking-system\booking-system\booking-service\target\test-classes
[DEBUG] -- end configuration --
[INFO] Deleting C:\Users\acer\Downloads\booking-system\booking-system\booking-service\target
[INFO] Deleting file C:\Users\acer\Downloads\booking-system\booking-system\booking-service\target\classes\application-dev.yml
[INFO] Deleting file C:\Users\acer\Downloads\booking-system\booking-system\booking-service\target\classes\application-prod.yml
[INFO] Deleting file C:\Users\acer\Downloads\booking-system\booking-system\booking-service\target\classes\application.yml
[INFO] Deleting file C:\Users\acer\Downloads\booking-system\booking-system\booking-service\target\classes\db\migration\V1__init_schema.sql
[INFO] Deleting file C:\Users\acer\Downloads\booking-system\booking-system\booking-service\target\classes\db\migration\V5__create_bookings.sql
[INFO] Deleting file C:\Users\acer\Downloads\booking-system\booking-system\booking-service\target\classes\db\migration\V6__create_outbox_and_processed_events.sql
[INFO] Deleting directory C:\Users\acer\Downloads\booking-system\booking-system\booking-service\target\classes\db\migration
[INFO] Deleting directory C:\Users\acer\Downloads\booking-system\booking-system\booking-service\target\classes\db
[INFO] Deleting directory C:\Users\acer\Downloads\booking-system\booking-system\booking-service\target\classes
[INFO] Deleting directory C:\Users\acer\Downloads\booking-system\booking-system\booking-service\target\generated-sources\annotations
[INFO] Deleting directory C:\Users\acer\Downloads\booking-system\booking-system\booking-service\target\generated-sources
[INFO] Deleting file C:\Users\acer\Downloads\booking-system\booking-system\booking-service\target\maven-status\maven-compiler-plugin\compile\default-compile\createdFiles.lst
[INFO] Deleting file C:\Users\acer\Downloads\booking-system\booking-system\booking-service\target\maven-status\maven-compiler-plugin\compile\default-compile\inputFiles.lst
[INFO] Deleting directory C:\Users\acer\Downloads\booking-system\booking-system\booking-service\target\maven-status\maven-compiler-plugin\compile\default-compile
[INFO] Deleting directory C:\Users\acer\Downloads\booking-system\booking-system\booking-service\target\maven-status\maven-compiler-plugin\compile
[INFO] Deleting directory C:\Users\acer\Downloads\booking-system\booking-system\booking-service\target\maven-status\maven-compiler-plugin
[INFO] Deleting directory C:\Users\acer\Downloads\booking-system\booking-system\booking-service\target\maven-status
[INFO] Deleting directory C:\Users\acer\Downloads\booking-system\booking-system\booking-service\target
[DEBUG] Skipping non-existing directory C:\Users\acer\Downloads\booking-system\booking-system\booking-service\target\classes
[DEBUG] Skipping non-existing directory C:\Users\acer\Downloads\booking-system\booking-system\booking-service\target\test-classes
[DEBUG] Skipping non-existing directory C:\Users\acer\Downloads\booking-system\booking-system\booking-service\target\classes
[INFO] 
[INFO] --- resources:3.5.0:resources (default-resources) @ booking-service ---
[DEBUG] Loading mojo org.apache.maven.plugins:maven-resources-plugin:3.5.0:resources from plugin realm ClassRealm[plugin>org.apache.maven.plugins:maven-resources-plugin:3.5.0, parent: jdk.internal.loader.ClassLoaders$AppClassLoader@33909752]
[DEBUG] Configuring mojo execution 'org.apache.maven.plugins:maven-resources-plugin:3.5.0:resources:default-resources' with basic configurator -->
[DEBUG]   (f) addDefaultExcludes = true
[DEBUG]   (f) buildFilters = []
[DEBUG]   (s) delimiters = [@]
[DEBUG]   (f) encoding = UTF-8
[DEBUG]   (f) escapeWindowsPaths = true
[DEBUG]   (f) fileNameFiltering = false
[DEBUG]   (s) includeEmptyDirs = false
[DEBUG]   (s) outputDirectory = C:\Users\acer\Downloads\booking-system\booking-system\booking-service\target\classes
[DEBUG]   (s) overwrite = false
[DEBUG]   (f) project = MavenProject: com.krushna:booking-service:1.0.0-SNAPSHOT @ C:\Users\acer\Downloads\booking-system\booking-system\booking-service\pom.xml
[DEBUG]   (f) propertiesEncoding = UTF-8
[DEBUG]   (s) resources = [Resource {targetPath: null, filtering: true, FileSet {directory: C:\Users\acer\Downloads\booking-system\booking-system\booking-service\src\main\resources, PatternSet [includes: {**/application*.yml, **/application*.yaml, **/application*.properties}, excludes: {}]}}, Resource {targetPath: null, filtering: false, FileSet {directory: C:\Users\acer\Downloads\booking-system\booking-system\booking-service\src\main\resources, PatternSet [includes: {}, excludes: {**/application*.yml, **/application*.yaml, **/application*.properties}]}}]
[DEBUG]   (f) session = org.apache.maven.execution.MavenSession@38792286
[DEBUG]   (f) skip = false
[DEBUG]   (f) supportMultiLineFiltering = false
[DEBUG]   (f) useBuildFilters = true
[DEBUG]   (s) useDefaultDelimiters = false
[DEBUG] -- end configuration --
[DEBUG] properties used:
[DEBUG] activemq.version: 6.2.6
[DEBUG] angus-mail.version: 2.0.5
[DEBUG] artemis.version: 2.53.0
[DEBUG] aspectj.version: 1.9.25.1
[DEBUG] assertj.version: 3.27.7
[DEBUG] awaitility.version: 4.3.0
[DEBUG] brave.version: 6.3.1
[DEBUG] build-helper-maven-plugin.version: 3.6.1
[DEBUG] byte-buddy.version: 1.18.10
[DEBUG] cache2k.version: 2.6.1.Final
[DEBUG] caffeine.version: 3.2.4
[DEBUG] cassandra-driver.version: 4.19.3
[DEBUG] classmate.version: 1.7.3
[DEBUG] classworlds.conf: C:\Users\acer\.m2\wrapper\dists\apache-maven-3.9.16\0daed3be3ebd1c706f0e69e8b07c6b73f5cc4ea3dfce72a8d0ec2e849ca2ddb0\bin\m2.conf
[DEBUG] commons-codec.version: 1.21.0
[DEBUG] commons-dbcp2.version: 2.14.0
[DEBUG] commons-lang3.version: 3.20.0
[DEBUG] commons-logging.version: 1.3.6
[DEBUG] commons-pool.version: 1.6
[DEBUG] commons-pool2.version: 2.13.1
[DEBUG] couchbase-client.version: 3.11.3
[DEBUG] crac.version: 1.5.0
[DEBUG] cyclonedx-maven-plugin.version: 2.9.1
[DEBUG] db2-jdbc.version: 12.1.4.0
[DEBUG] dependency-management-plugin.version: 1.1.7
[DEBUG] derby.version: 10.16.1.1
[DEBUG] ehcache3.version: 3.12.0
[DEBUG] elasticsearch-client.version: 9.4.2
[DEBUG] env.=::: ::\
[DEBUG] env.=C:: C:\Users\acer\Downloads\booking-system\booking-system
[DEBUG] env.=EXITCODE: 00000000
[DEBUG] env.AI_AGENT: github_copilot_vscode_agent
[DEBUG] env.ALLUSERSPROFILE: C:\ProgramData
[DEBUG] env.APPDATA: C:\Users\acer\AppData\Roaming
[DEBUG] env.BUNDLED_DEBUGPY_PATH: c:\Users\acer\.vscode\extensions\ms-python.debugpy-2026.6.0-win32-x64\bundled\libs\debugpy
[DEBUG] env.CHOCOLATEYINSTALL: C:\ProgramData\chocolatey
[DEBUG] env.CHOCOLATEYLASTPATHUPDATE: 134277356689596430
[DEBUG] env.CHROME_CRASHPAD_PIPE_NAME: \\.\pipe\crashpad_10268_SNZTJEZGAETYQQXK
[DEBUG] env.CLASSWORLDS_JAR: "C:\Users\acer\.m2\wrapper\dists\apache-maven-3.9.16\0daed3be3ebd1c706f0e69e8b07c6b73f5cc4ea3dfce72a8d0ec2e849ca2ddb0\boot\plexus-classworlds-2.11.0.jar"
[DEBUG] env.CLASSWORLDS_LAUNCHER: org.codehaus.plexus.classworlds.launcher.Launcher
[DEBUG] env.COLORTERM: truecolor
[DEBUG] env.COMMONPROGRAMFILES: C:\Program Files\Common Files
[DEBUG] env.COMMONPROGRAMFILES(X86): C:\Program Files (x86)\Common Files
[DEBUG] env.COMMONPROGRAMW6432: C:\Program Files\Common Files
[DEBUG] env.COMPUTERNAME: DESKTOP-1G9PIIV
[DEBUG] env.COMSPEC: C:\Windows\system32\cmd.exe
[DEBUG] env.COPILOT_AGENT: 1
[DEBUG] env.COPILOT_DEBUG_NONCE: 990920fe9729ed0d1535c82dfca95f4c
[DEBUG] env.DEBIAN_FRONTEND: noninteractive
[DEBUG] env.DRIVERDATA: C:\Windows\System32\Drivers\DriverData
[DEBUG] env.EFC_21928_1262719628: 1
[DEBUG] env.EFC_21928_1592913036: 1
[DEBUG] env.EFC_21928_2283032206: 1
[DEBUG] env.EFC_21928_2775293581: 1
[DEBUG] env.EFC_21928_3789132940: 1
[DEBUG] env.ERROR_CODE: 0
[DEBUG] env.EXEC_DIR: C:\Users\acer\Downloads\booking-system\booking-system
[DEBUG] env.FPS_BROWSER_APP_PROFILE_STRING: Internet Explorer
[DEBUG] env.FPS_BROWSER_USER_PROFILE_STRING: Default
[DEBUG] env.GIT_ASKPASS: c:\Users\acer\AppData\Roaming\Code\User\globalStorage\vscode.git\askpass\70789581cae28aa7\askpass.sh
[DEBUG] env.GIT_EDITOR: :
[DEBUG] env.GIT_MERGE_AUTOEDIT: no
[DEBUG] env.GIT_PAGER: cat
[DEBUG] env.HOMEDRIVE: C:
[DEBUG] env.HOMEPATH: \Users\acer
[DEBUG] env.INTELLIJ IDEA COMMUNITY EDITION: C:\Program Files\JetBrains\IntelliJ IDEA Community Edition 2025.2.5\bin
[DEBUG] env.INTERNAL_MAVEN_OPTS: --enable-native-access=ALL-UNNAMED 
[DEBUG] env.JAVACMD: C:\Program Files\Java\jdk-21.0.11\bin\java.exe
[DEBUG] env.JAVA_HOME: C:\Program Files\Java\jdk-21.0.11
[DEBUG] env.JVMCONFIG: \.mvn\jvm.config
[DEBUG] env.LANG: en_US.UTF-8
[DEBUG] env.LOCALAPPDATA: C:\Users\acer\AppData\Local
[DEBUG] env.LOGONSERVER: \\DESKTOP-1G9PIIV
[DEBUG] env.MAVEN_CMD_LINE_ARGS: -pl booking-service -am -DskipTests clean compile -X
[DEBUG] env.MAVEN_HOME: C:\Users\acer\.m2\wrapper\dists\apache-maven-3.9.16\0daed3be3ebd1c706f0e69e8b07c6b73f5cc4ea3dfce72a8d0ec2e849ca2ddb0
[DEBUG] env.MAVEN_PROJECTBASEDIR: C:\Users\acer\Downloads\booking-system\booking-system
[DEBUG] env.NUMBER_OF_PROCESSORS: 12
[DEBUG] env.ONEDRIVE: C:\Users\acer\OneDrive
[DEBUG] env.OS: Windows_NT
[DEBUG] env.PATH: c:\Users\acer\AppData\Roaming\Code\User\globalStorage\github.copilot-chat\debugCommand;c:\Users\acer\AppData\Roaming\Code\User\globalStorage\github.copilot-chat\copilotCli;C:\Program Files\Common Files\Oracle\Java\javapath;C:\Windows\system32;C:\Windows;C:\Windows\System32\Wbem;C:\Windows\System32\WindowsPowerShell\v1.0\;C:\Windows\System32\OpenSSH\;C:\Program Files\dotnet\;C:\Program Files (x86)\NVIDIA Corporation\PhysX\Common;C:\Program Files\Git\cmd;C:\Program Files\Git\mingw64\bin;C:\Program Files\Git\usr\bin;C:\Users\acer\Downloads\maven-mvnd-1.0.3-windows-amd64.tar.gz;C:\Program Files\Java\jdk-25\bin;C:\Program Files\apache-maven-3.9.11\bin;C:\Program Files\apache-maven-3.9.11\bin;C:\Program Files\nodejs\;C:\Users\acer\Downloads\opencv\build\java\x64;C:\Program Files\Java\jdk-25\bin;;C:\Program Files\Docker\Docker\resources\bin;C:\ProgramData\chocolatey\bin;C:\Program Files\Redis\;C:\Program Files\MySQL\MySQL Shell 8.0\bin\;C:\Users\acer\AppData\Local\Microsoft\WindowsApps;C:\Users\acer\AppData\Local\Programs\Microsoft VS Code\bin;C:\Users\acer\Downloads\maven-mvnd-1.0.3-windows-amd64.tar.gz;C:\Program Files\JetBrains\IntelliJ IDEA Community Edition 2025.2.5\bin;C:\Program Files\apache-maven-3.9.11\bin;C:\Users\acer\AppData\Roaming\npm;C:\Users\acer\AppData\Local\Programs\mongosh\;C:\Users\acer\Downloads\opencv\build\java\x64;C:\Program Files\Java\jdk-17\bin;C:\Users\acer\AppData\Local\Programs\Antigravity\bin;C:\Users\acer\AppData\Local\Programs\cursor\resources\app\bin;C:\Users\acer\AppData\Local\Programs\Windsurf\bin;C:\Users\acer\AppData\Local\Programs\Antigravity IDE\bin;C:\Users\acer\AppData\Local\Programs\Devin\bin;C:\Users\acer\AppData\Local\GitHubDesktop\bin;C:\ProgramData\acer\GitHubDesktop\bin;c:\Users\acer\.vscode\extensions\vscjava.vscode-java-debug-0.59.0\bundled\scripts\noConfigScripts;c:\Users\acer\.vscode\extensions\ms-python.debugpy-2026.6.0-win32-x64\bundled\scripts\noConfigScripts
[DEBUG] env.PATHEXT: .COM;.EXE;.BAT;.CMD;.VBS;.VBE;.JS;.JSE;.WSF;.WSH;.MSC;.CPL
[DEBUG] env.PDA_BASE_DIR: C:\SpeedPro Starter\SpeedPro Starter.exe
[DEBUG] env.PROCESSOR_ARCHITECTURE: AMD64
[DEBUG] env.PROCESSOR_IDENTIFIER: Intel64 Family 6 Model 186 Stepping 2, GenuineIntel
[DEBUG] env.PROCESSOR_LEVEL: 6
[DEBUG] env.PROCESSOR_REVISION: ba02
[DEBUG] env.PROGRAMDATA: C:\ProgramData
[DEBUG] env.PROGRAMFILES: C:\Program Files
[DEBUG] env.PROGRAMFILES(X86): C:\Program Files (x86)
[DEBUG] env.PROGRAMW6432: C:\Program Files
[DEBUG] env.PROMPT: $P$G
[DEBUG] env.PSMODULEPATH: C:\Users\acer\OneDrive\Documents\WindowsPowerShell\Modules;C:\Program Files\WindowsPowerShell\Modules;C:\Windows\system32\WindowsPowerShell\v1.0\Modules
[DEBUG] env.PUBLIC: C:\Users\Public
[DEBUG] env.PYDEVD_DISABLE_FILE_VALIDATION: 1
[DEBUG] env.PYTHONSTARTUP: c:\Users\acer\AppData\Roaming\Code\User\workspaceStorage\9a94d851dcf510029cb370ddb099ae8b\ms-python.python\pythonrc.py
[DEBUG] env.PYTHON_BASIC_REPL: 1
[DEBUG] env.SESSIONNAME: Console
[DEBUG] env.STRIPE CLI: C:\Users\acer\Downloads\stripe_1.38.1_windows_x86_64\
[DEBUG] env.SYSTEMDRIVE: C:
[DEBUG] env.SYSTEMROOT: C:\Windows
[DEBUG] env.TEMP: C:\Users\acer\AppData\Local\Temp
[DEBUG] env.TERM_PROGRAM: vscode
[DEBUG] env.TERM_PROGRAM_VERSION: 1.131.0
[DEBUG] env.TMP: C:\Users\acer\AppData\Local\Temp
[DEBUG] env.USERDOMAIN: DESKTOP-1G9PIIV
[DEBUG] env.USERDOMAIN_ROAMINGPROFILE: DESKTOP-1G9PIIV
[DEBUG] env.USERNAME: acer
[DEBUG] env.USERPROFILE: C:\Users\acer
[DEBUG] env.VSCODE_DEBUGPY_ADAPTER_ENDPOINTS: c:\Users\acer\.vscode\extensions\ms-python.debugpy-2026.6.0-win32-x64\.noConfigDebugAdapterEndpoints\endpoint-a3e1356e8e6d4148.txt
[DEBUG] env.VSCODE_GIT_ASKPASS_EXTRA_ARGS: 
[DEBUG] env.VSCODE_GIT_ASKPASS_MAIN: c:\Users\acer\AppData\Roaming\Code\User\globalStorage\vscode.git\askpass\70789581cae28aa7\askpass-main.js
[DEBUG] env.VSCODE_GIT_ASKPASS_NODE: C:\Users\acer\AppData\Local\Programs\Microsoft VS Code\Code.exe
[DEBUG] env.VSCODE_GIT_IPC_HANDLE: \\.\pipe\vscode-git-e93ecbbe83-sock
[DEBUG] env.VSCODE_INJECTION: 1
[DEBUG] env.VSCODE_JAVA_EXEC: C:\Program Files\Java\jdk-21.0.11\bin\java
[DEBUG] env.VSCODE_JDWP_ADAPTER_ENDPOINTS: c:\Users\acer\.vscode\extensions\vscjava.vscode-java-debug-0.59.0\.noConfigDebugAdapterEndpoints\endpoint-34399d656ce09fc1.txt
[DEBUG] env.VSCODE_PYTHON_AUTOACTIVATE_GUARD: 1
[DEBUG] env.WDIR: C:\Users\acer\Downloads\booking-system\booking-system
[DEBUG] env.WINDIR: C:\Windows
[DEBUG] env.ZES_ENABLE_SYSMAN: 1
[DEBUG] env.__MVNW_CMD__: C:\Users\acer/.m2/wrapper/dists/apache-maven-3.9.16/0daed3be3ebd1c706f0e69e8b07c6b73f5cc4ea3dfce72a8d0ec2e849ca2ddb0/bin/mvn.cmd
[DEBUG] file.encoding: UTF-8
[DEBUG] file.separator: \
[DEBUG] flyway.version: 12.4.0
[DEBUG] freemarker.version: 2.3.34
[DEBUG] git-commit-id-maven-plugin.version: 9.2.0
[DEBUG] glassfish-jaxb.version: 4.0.9
[DEBUG] glassfish-jstl.version: 3.0.1
[DEBUG] graphql-java.version: 25.0
[DEBUG] groovy.version: 5.0.6
[DEBUG] grpc-java.version: 1.80.0
[DEBUG] grpc-kotlin.version: 1.5.0
[DEBUG] gson.version: 2.13.2
[DEBUG] h2.version: 2.4.240
[DEBUG] hamcrest.version: 3.0
[DEBUG] hazelcast.version: 5.5.0
[DEBUG] hibernate-validator.version: 9.1.0.Final
[DEBUG] hibernate.version: 7.4.1.Final
[DEBUG] hikaricp.version: 7.0.2
[DEBUG] hsqldb.version: 2.7.3
[DEBUG] htmlunit.version: 4.21.0
[DEBUG] httpasyncclient.version: 4.1.5
[DEBUG] httpclient5.version: 5.6.1
[DEBUG] httpcore.version: 4.4.16
[DEBUG] httpcore5.version: 5.4.2
[DEBUG] infinispan.version: 16.1.4
[DEBUG] influxdb-java.version: 2.25
[DEBUG] jackson-2-bom.version: 2.21.4
[DEBUG] jackson-bom.version: 3.1.4
[DEBUG] jakarta-activation.version: 2.1.4
[DEBUG] jakarta-annotation.version: 3.0.0
[DEBUG] jakarta-inject.version: 2.0.1
[DEBUG] jakarta-jms.version: 3.1.0
[DEBUG] jakarta-json-bind.version: 3.0.2
[DEBUG] jakarta-json.version: 2.1.3
[DEBUG] jakarta-mail.version: 2.1.5
[DEBUG] jakarta-management.version: 1.1.4
[DEBUG] jakarta-persistence.version: 3.2.0
[DEBUG] jakarta-servlet-jsp-jstl.version: 3.0.2
[DEBUG] jakarta-servlet.version: 6.1.0
[DEBUG] jakarta-transaction.version: 2.0.1
[DEBUG] jakarta-validation.version: 3.1.1
[DEBUG] jakarta-websocket.version: 2.2.0
[DEBUG] jakarta-ws-rs.version: 4.0.0
[DEBUG] jakarta-xml-bind.version: 4.0.5
[DEBUG] jakarta-xml-soap.version: 3.0.2
[DEBUG] jakarta-xml-ws.version: 4.0.3
[DEBUG] janino.version: 3.1.12
[DEBUG] java.class.path: C:\Users\acer\.m2\wrapper\dists\apache-maven-3.9.16\0daed3be3ebd1c706f0e69e8b07c6b73f5cc4ea3dfce72a8d0ec2e849ca2ddb0\boot\plexus-classworlds-2.11.0.jar
[DEBUG] java.class.version: 65.0
[DEBUG] java.home: C:\Program Files\Java\jdk-21.0.11
[DEBUG] java.io.tmpdir: C:\Users\acer\AppData\Local\Temp\
[DEBUG] java.library.path: C:\Program Files\Java\jdk-21.0.11\bin;C:\Windows\Sun\Java\bin;C:\Windows\system32;C:\Windows;c:\Users\acer\AppData\Roaming\Code\User\globalStorage\github.copilot-chat\debugCommand;c:\Users\acer\AppData\Roaming\Code\User\globalStorage\github.copilot-chat\copilotCli;C:\Program Files\Common Files\Oracle\Java\javapath;C:\Windows\system32;C:\Windows;C:\Windows\System32\Wbem;C:\Windows\System32\WindowsPowerShell\v1.0\;C:\Windows\System32\OpenSSH\;C:\Program Files\dotnet\;C:\Program Files (x86)\NVIDIA Corporation\PhysX\Common;C:\Program Files\Git\cmd;C:\Program Files\Git\mingw64\bin;C:\Program Files\Git\usr\bin;C:\Users\acer\Downloads\maven-mvnd-1.0.3-windows-amd64.tar.gz;C:\Program Files\Java\jdk-25\bin;C:\Program Files\apache-maven-3.9.11\bin;C:\Program Files\apache-maven-3.9.11\bin;C:\Program Files\nodejs\;C:\Users\acer\Downloads\opencv\build\java\x64;C:\Program Files\Java\jdk-25\bin;;C:\Program Files\Docker\Docker\resources\bin;C:\ProgramData\chocolatey\bin;C:\Program Files\Redis\;C:\Program Files\MySQL\MySQL Shell 8.0\bin\;C:\Users\acer\AppData\Local\Microsoft\WindowsApps;C:\Users\acer\AppData\Local\Programs\Microsoft VS Code\bin;C:\Users\acer\Downloads\maven-mvnd-1.0.3-windows-amd64.tar.gz;C:\Program Files\JetBrains\IntelliJ IDEA Community Edition 2025.2.5\bin;C:\Program Files\apache-maven-3.9.11\bin;C:\Users\acer\AppData\Roaming\npm;C:\Users\acer\AppData\Local\Programs\mongosh\;C:\Users\acer\Downloads\opencv\build\java\x64;C:\Program Files\Java\jdk-17\bin;C:\Users\acer\AppData\Local\Programs\Antigravity\bin;C:\Users\acer\AppData\Local\Programs\cursor\resources\app\bin;C:\Users\acer\AppData\Local\Programs\Windsurf\bin;C:\Users\acer\AppData\Local\Programs\Antigravity IDE\bin;C:\Users\acer\AppData\Local\Programs\Devin\bin;C:\Users\acer\AppData\Local\GitHubDesktop\bin;C:\ProgramData\acer\GitHubDesktop\bin;c:\Users\acer\.vscode\extensions\vscjava.vscode-java-debug-0.59.0\bundled\scripts\noConfigScripts;c:\Users\acer\.vscode\extensions\ms-python.debugpy-2026.6.0-win32-x64\bundled\scripts\noConfigScripts;.
[DEBUG] java.runtime.name: Java(TM) SE Runtime Environment
[DEBUG] java.runtime.version: 21.0.11+9-LTS-211
[DEBUG] java.specification.name: Java Platform API Specification
[DEBUG] java.specification.vendor: Oracle Corporation
[DEBUG] java.specification.version: 21
[DEBUG] java.vendor: Oracle Corporation
[DEBUG] java.vendor.url: https://java.oracle.com/
[DEBUG] java.vendor.url.bug: https://bugreport.java.com/bugreport/
[DEBUG] java.version: 21.0.11
[DEBUG] java.version.date: 2026-04-21
[DEBUG] java.vm.compressedOopsMode: Zero based
[DEBUG] java.vm.info: mixed mode, sharing
[DEBUG] java.vm.name: Java HotSpot(TM) 64-Bit Server VM
[DEBUG] java.vm.specification.name: Java Virtual Machine Specification
[DEBUG] java.vm.specification.vendor: Oracle Corporation
[DEBUG] java.vm.specification.version: 21
[DEBUG] java.vm.vendor: Oracle Corporation
[DEBUG] java.vm.version: 21.0.11+9-LTS-211
[DEBUG] javax-cache.version: 1.1.1
[DEBUG] javax-money.version: 1.1
[DEBUG] jaxen.version: 2.0.6
[DEBUG] jaybird.version: 6.0.5
[DEBUG] jboss-logging.version: 3.6.3.Final
[DEBUG] jdk.debug: release
[DEBUG] jdom2.version: 2.0.6.1
[DEBUG] jedis.version: 7.4.1
[DEBUG] jersey.version: 4.0.2
[DEBUG] jetty-reactive-httpclient.version: 4.1.5
[DEBUG] jetty.version: 12.1.10
[DEBUG] jmustache.version: 1.16
[DEBUG] jooq.version: 3.21.5
[DEBUG] json-path.version: 2.10.0
[DEBUG] json-smart.version: 2.6.0
[DEBUG] jsonassert.version: 1.5.3
[DEBUG] jspecify.version: 1.0.0
[DEBUG] jtds.version: 1.3.1
[DEBUG] junit-jupiter.version: 6.0.3
[DEBUG] junit.version: 4.13.2
[DEBUG] kafka.version: 4.2.1
[DEBUG] kotlin-coroutines.version: 1.10.2
[DEBUG] kotlin-serialization.version: 1.11.0
[DEBUG] kotlin.version: 2.3.21
[DEBUG] lettuce.version: 7.5.2.RELEASE
[DEBUG] library.jansi.path: C:\Users\acer\.m2\wrapper\dists\apache-maven-3.9.16\0daed3be3ebd1c706f0e69e8b07c6b73f5cc4ea3dfce72a8d0ec2e849ca2ddb0\lib\jansi-native
[DEBUG] line.separator: 

[DEBUG] liquibase.version: 5.0.3
[DEBUG] log4j2.version: 2.25.4
[DEBUG] logback.version: 1.5.34
[DEBUG] lombok.version: 1.18.38
[DEBUG] mapstruct.version: 1.6.3
[DEBUG] mariadb.version: 3.5.8
[DEBUG] maven-antrun-plugin.version: 3.2.0
[DEBUG] maven-assembly-plugin.version: 3.8.0
[DEBUG] maven-clean-plugin.version: 3.5.0
[DEBUG] maven-compiler-plugin.version: 3.15.0
[DEBUG] maven-dependency-plugin.version: 3.10.0
[DEBUG] maven-deploy-plugin.version: 3.1.4
[DEBUG] maven-enforcer-plugin.version: 3.6.3
[DEBUG] maven-failsafe-plugin.version: 3.5.6
[DEBUG] maven-help-plugin.version: 3.5.1
[DEBUG] maven-install-plugin.version: 3.1.4
[DEBUG] maven-invoker-plugin.version: 3.9.1
[DEBUG] maven-jar-plugin.version: 3.5.0
[DEBUG] maven-javadoc-plugin.version: 3.12.0
[DEBUG] maven-resources-plugin.version: 3.5.0
[DEBUG] maven-shade-plugin.version: 3.6.2
[DEBUG] maven-source-plugin.version: 3.4.0
[DEBUG] maven-surefire-plugin.version: 3.5.6
[DEBUG] maven-war-plugin.version: 3.5.1
[DEBUG] maven.build.timestamp: 2026-08-04T15:34:20Z
[DEBUG] maven.build.version: Apache Maven 3.9.16 (2bdd9fddda4b155ebf8000e807eb73fd829a51d5)
[DEBUG] maven.compiler.proc: full
[DEBUG] maven.compiler.release: 21
[DEBUG] maven.conf: C:\Users\acer\.m2\wrapper\dists\apache-maven-3.9.16\0daed3be3ebd1c706f0e69e8b07c6b73f5cc4ea3dfce72a8d0ec2e849ca2ddb0/conf
[DEBUG] maven.home: C:\Users\acer\.m2\wrapper\dists\apache-maven-3.9.16\0daed3be3ebd1c706f0e69e8b07c6b73f5cc4ea3dfce72a8d0ec2e849ca2ddb0
[DEBUG] maven.multiModuleProjectDirectory: C:\Users\acer\Downloads\booking-system\booking-system
[DEBUG] maven.version: 3.9.16
[DEBUG] micrometer-tracing.version: 1.7.0
[DEBUG] micrometer.version: 1.17.0
[DEBUG] mockito.version: 5.23.0
[DEBUG] mongodb.version: 5.8.0
[DEBUG] mssql-jdbc.version: 13.4.0.jre11
[DEBUG] mysql.version: 9.7.0
[DEBUG] native-build-tools-plugin.version: 1.1.1
[DEBUG] native.encoding: Cp1252
[DEBUG] nekohtml.version: 1.9.22
[DEBUG] neo4j-java-driver.version: 6.1.0
[DEBUG] netty.version: 4.2.15.Final
[DEBUG] opentelemetry.version: 1.62.0
[DEBUG] oracle-database.version: 23.26.2.0.0
[DEBUG] oracle-r2dbc.version: 1.3.0
[DEBUG] os.arch: amd64
[DEBUG] os.name: Windows 11
[DEBUG] os.version: 10.0
[DEBUG] path.separator: ;
[DEBUG] pooled-jms.version: 3.2.2
[DEBUG] postgresql.version: 42.7.11
[DEBUG] project.baseUri: file:/C:/Users/acer/Downloads/booking-system/booking-system/booking-service/
[DEBUG] project.build.sourceEncoding: UTF-8
[DEBUG] project.reporting.outputEncoding: UTF-8
[DEBUG] prometheus-client.version: 1.5.1
[DEBUG] prometheus-simpleclient.version: 0.16.0
[DEBUG] protobuf-common-protos.version: 2.70.0
[DEBUG] protobuf-java.version: 4.34.2
[DEBUG] protobuf-maven-plugin.version: 5.1.4
[DEBUG] pulsar.version: 4.2.2
[DEBUG] qpid-protonj2.version: 1.1.0
[DEBUG] quartz.version: 2.5.2
[DEBUG] querydsl.version: 5.1.0
[DEBUG] r2dbc-h2.version: 1.1.0.RELEASE
[DEBUG] r2dbc-mariadb.version: 1.4.0
[DEBUG] r2dbc-mssql.version: 1.0.4.RELEASE
[DEBUG] r2dbc-mysql.version: 1.4.2
[DEBUG] r2dbc-pool.version: 1.0.2.RELEASE
[DEBUG] r2dbc-postgresql.version: 1.1.1.RELEASE
[DEBUG] r2dbc-proxy.version: 1.1.6.RELEASE
[DEBUG] r2dbc-spi.version: 1.0.0.RELEASE
[DEBUG] rabbit-amqp-client.version: 5.30.0
[DEBUG] rabbit-stream-client.version: 1.6.0
[DEBUG] reactive-streams.version: 1.0.4
[DEBUG] reactor-bom.version: 2025.0.6
[DEBUG] resource.delimiter: @
[DEBUG] rsocket.version: 1.1.5
[DEBUG] rxjava3.version: 3.1.12
[DEBUG] saaj-impl.version: 3.0.6
[DEBUG] selenium-htmlunit.version: 4.43.0
[DEBUG] selenium.version: 4.43.0
[DEBUG] sendgrid.version: 4.10.3
[DEBUG] skipTests: true
[DEBUG] slf4j.version: 2.0.18
[DEBUG] snakeyaml.version: 2.6
[DEBUG] spring-amqp.version: 4.1.0
[DEBUG] spring-batch.version: 6.0.4
[DEBUG] spring-boot.run.main-class: ${start-class}
[DEBUG] spring-boot.version: 4.1.0
[DEBUG] spring-data-bom.version: 2026.0.0
[DEBUG] spring-framework.version: 7.0.8
[DEBUG] spring-graphql.version: 2.0.4
[DEBUG] spring-grpc.version: 1.1.0
[DEBUG] spring-hateoas.version: 3.1.1
[DEBUG] spring-integration.version: 7.1.0
[DEBUG] spring-kafka.version: 4.1.0
[DEBUG] spring-ldap.version: 4.1.0
[DEBUG] spring-pulsar.version: 2.0.6
[DEBUG] spring-restdocs.version: 4.0.1
[DEBUG] spring-security.version: 7.1.0
[DEBUG] spring-session.version: 4.1.0
[DEBUG] spring-ws.version: 5.0.2
[DEBUG] sqlite-jdbc.version: 3.53.2.0
[DEBUG] stderr.encoding: cp437
[DEBUG] stdout.encoding: Cp1252
[DEBUG] sun.arch.data.model: 64
[DEBUG] sun.boot.library.path: C:\Program Files\Java\jdk-21.0.11\bin
[DEBUG] sun.cpu.endian: little
[DEBUG] sun.cpu.isalist: amd64
[DEBUG] sun.io.unicode.encoding: UnicodeLittle
[DEBUG] sun.java.command: org.codehaus.plexus.classworlds.launcher.Launcher -pl booking-service -am -DskipTests clean compile -X
[DEBUG] sun.java.launcher: SUN_STANDARD
[DEBUG] sun.jnu.encoding: Cp1252
[DEBUG] sun.management.compiler: HotSpot 64-Bit Tiered Compilers
[DEBUG] sun.os.patch.level: 
[DEBUG] testcontainers-redis-module.version: 2.2.4
[DEBUG] testcontainers.version: 2.0.5
[DEBUG] thymeleaf-extras-data-attribute.version: 2.0.1
[DEBUG] thymeleaf-extras-springsecurity.version: 3.1.5.RELEASE
[DEBUG] thymeleaf-layout-dialect.version: 4.0.1
[DEBUG] thymeleaf.version: 3.1.5.RELEASE
[DEBUG] tomcat.version: 11.0.22
[DEBUG] unboundid-ldapsdk.version: 7.0.4
[DEBUG] user.country: US
[DEBUG] user.dir: C:\Users\acer\Downloads\booking-system\booking-system
[DEBUG] user.home: C:\Users\acer
[DEBUG] user.language: en
[DEBUG] user.name: acer
[DEBUG] user.script: 
[DEBUG] user.variant: 
[DEBUG] versions-maven-plugin.version: 2.21.0
[DEBUG] vibur.version: 26.0
[DEBUG] webjars-locator-core.version: 0.59
[DEBUG] webjars-locator-lite.version: 1.1.3
[DEBUG] wsdl4j.version: 1.6.3
[DEBUG] xml-maven-plugin.version: 1.2.1
[DEBUG] xmlunit2.version: 2.11.0
[DEBUG] yasson.version: 3.0.4
[DEBUG] zipkin-reporter.version: 3.5.3
[DEBUG] Using 'UTF-8' encoding to copy filtered resources.
[DEBUG] Using 'UTF-8' encoding to copy filtered properties files.
[DEBUG] resource with targetPath null
directory C:\Users\acer\Downloads\booking-system\booking-system\booking-service\src\main\resources
excludes []
includes [**/application*.yml, **/application*.yaml, **/application*.properties]
[INFO] Copying 3 resources from src\main\resources to target\classes
[DEBUG] Copying file application-dev.yml
[DEBUG] file application-dev.yml has a filtered file extension
[DEBUG] Using 'UTF-8' encoding to copy filtered resource 'application-dev.yml'.
[DEBUG] filtering C:\Users\acer\Downloads\booking-system\booking-system\booking-service\src\main\resources\application-dev.yml to C:\Users\acer\Downloads\booking-system\booking-system\booking-service\target\classes\application-dev.yml
[DEBUG] Copying file application-prod.yml
[DEBUG] file application-prod.yml has a filtered file extension
[DEBUG] Using 'UTF-8' encoding to copy filtered resource 'application-prod.yml'.
[DEBUG] filtering C:\Users\acer\Downloads\booking-system\booking-system\booking-service\src\main\resources\application-prod.yml to C:\Users\acer\Downloads\booking-system\booking-system\booking-service\target\classes\application-prod.yml
[DEBUG] Copying file application.yml
[DEBUG] file application.yml has a filtered file extension
[DEBUG] Using 'UTF-8' encoding to copy filtered resource 'application.yml'.
[DEBUG] filtering C:\Users\acer\Downloads\booking-system\booking-system\booking-service\src\main\resources\application.yml to C:\Users\acer\Downloads\booking-system\booking-system\booking-service\target\classes\application.yml
[DEBUG] resource with targetPath null
directory C:\Users\acer\Downloads\booking-system\booking-system\booking-service\src\main\resources
excludes [**/application*.yml, **/application*.yaml, **/application*.properties]
includes []
[INFO] Copying 3 resources from src\main\resources to target\classes
[DEBUG] Copying file db\migration\V1__init_schema.sql
[DEBUG] file V1__init_schema.sql has a filtered file extension
[DEBUG] Using 'UTF-8' encoding to copy filtered resource 'V1__init_schema.sql'.
[DEBUG] copy C:\Users\acer\Downloads\booking-system\booking-system\booking-service\src\main\resources\db\migration\V1__init_schema.sql to C:\Users\acer\Downloads\booking-system\booking-system\booking-service\target\classes\db\migration\V1__init_schema.sql
[DEBUG] Copying file db\migration\V5__create_bookings.sql
[DEBUG] file V5__create_bookings.sql has a filtered file extension
[DEBUG] Using 'UTF-8' encoding to copy filtered resource 'V5__create_bookings.sql'.
[DEBUG] copy C:\Users\acer\Downloads\booking-system\booking-system\booking-service\src\main\resources\db\migration\V5__create_bookings.sql to C:\Users\acer\Downloads\booking-system\booking-system\booking-service\target\classes\db\migration\V5__create_bookings.sql
[DEBUG] Copying file db\migration\V6__create_outbox_and_processed_events.sql
[DEBUG] file V6__create_outbox_and_processed_events.sql has a filtered file extension
[DEBUG] Using 'UTF-8' encoding to copy filtered resource 'V6__create_outbox_and_processed_events.sql'.
[DEBUG] copy C:\Users\acer\Downloads\booking-system\booking-system\booking-service\src\main\resources\db\migration\V6__create_outbox_and_processed_events.sql to C:\Users\acer\Downloads\booking-system\booking-system\booking-service\target\classes\db\migration\V6__create_outbox_and_processed_events.sql
[DEBUG] no user filter components
[INFO] 
[INFO] --- compiler:3.13.0:compile (default-compile) @ booking-service ---
[DEBUG] Loading mojo org.apache.maven.plugins:maven-compiler-plugin:3.13.0:compile from plugin realm ClassRealm[plugin>org.apache.maven.plugins:maven-compiler-plugin:3.13.0, parent: jdk.internal.loader.ClassLoaders$AppClassLoader@33909752]
[DEBUG] Configuring mojo execution 'org.apache.maven.plugins:maven-compiler-plugin:3.13.0:compile:default-compile' with basic configurator -->
[DEBUG]   (s) groupId = org.projectlombok
[DEBUG]   (s) artifactId = lombok
[DEBUG]   (s) version = 1.18.38
[DEBUG]   (s) groupId = org.mapstruct
[DEBUG]   (s) artifactId = mapstruct-processor
[DEBUG]   (s) version = 1.6.3
[DEBUG]   (s) groupId = org.projectlombok
[DEBUG]   (s) artifactId = lombok-mapstruct-binding
[DEBUG]   (s) version = 0.2.0
[DEBUG]   (f) annotationProcessorPaths = [org.projectlombok:lombok:1.18.38.jar, org.mapstruct:mapstruct-processor:1.6.3.jar, org.projectlombok:lombok-mapstruct-binding:0.2.0.jar]
[DEBUG]   (f) annotationProcessorPathsUseDepMgmt = false
[DEBUG]   (f) basedir = C:\Users\acer\Downloads\booking-system\booking-system\booking-service
[DEBUG]   (f) buildDirectory = C:\Users\acer\Downloads\booking-system\booking-system\booking-service\target
[DEBUG]   (f) compilePath = [C:\Users\acer\Downloads\booking-system\booking-system\booking-service\target\classes, C:\Users\acer\Downloads\booking-system\booking-system\common\target\classes, C:\Users\acer\.m2\repository\io\jsonwebtoken\jjwt-api\0.12.6\jjwt-api-0.12.6.jar, C:\Users\acer\.m2\repository\org\mapstruct\mapstruct\1.6.3\mapstruct-1.6.3.jar, C:\Users\acer\.m2\repository\org\projectlombok\lombok\1.18.38\lombok-1.18.38.jar, C:\Users\acer\.m2\repository\org\springframework\boot\spring-boot-starter-web\4.1.0\spring-boot-starter-web-4.1.0.jar, C:\Users\acer\.m2\repository\org\springframework\boot\spring-boot-starter-jackson\4.1.0\spring-boot-starter-jackson-4.1.0.jar, C:\Users\acer\.m2\repository\org\springframework\boot\spring-boot-starter-tomcat\4.1.0\spring-boot-starter-tomcat-4.1.0.jar, C:\Users\acer\.m2\repository\org\springframework\boot\spring-boot-starter-tomcat-runtime\4.1.0\spring-boot-starter-tomcat-runtime-4.1.0.jar, C:\Users\acer\.m2\repository\org\springframework\boot\spring-boot-web-server\4.1.0\spring-boot-web-server-4.1.0.jar, C:\Users\acer\.m2\repository\org\apache\tomcat\embed\tomcat-embed-core\11.0.22\tomcat-embed-core-11.0.22.jar, C:\Users\acer\.m2\repository\org\apache\tomcat\embed\tomcat-embed-websocket\11.0.22\tomcat-embed-websocket-11.0.22.jar, C:\Users\acer\.m2\repository\org\springframework\boot\spring-boot-tomcat\4.1.0\spring-boot-tomcat-4.1.0.jar, C:\Users\acer\.m2\repository\org\springframework\boot\spring-boot-http-converter\4.1.0\spring-boot-http-converter-4.1.0.jar, C:\Users\acer\.m2\repository\org\springframework\boot\spring-boot\4.1.0\spring-boot-4.1.0.jar, C:\Users\acer\.m2\repository\org\springframework\spring-web\7.0.8\spring-web-7.0.8.jar, C:\Users\acer\.m2\repository\org\springframework\boot\spring-boot-webmvc\4.1.0\spring-boot-webmvc-4.1.0.jar, C:\Users\acer\.m2\repository\org\springframework\boot\spring-boot-servlet\4.1.0\spring-boot-servlet-4.1.0.jar, C:\Users\acer\.m2\repository\org\springframework\spring-webmvc\7.0.8\spring-webmvc-7.0.8.jar, C:\Users\acer\.m2\repository\org\springframework\boot\spring-boot-starter-json\4.1.0\spring-boot-starter-json-4.1.0.jar, C:\Users\acer\.m2\repository\org\springframework\boot\spring-boot-jackson\4.1.0\spring-boot-jackson-4.1.0.jar, C:\Users\acer\.m2\repository\com\fasterxml\jackson\core\jackson-databind\2.21.4\jackson-databind-2.21.4.jar, C:\Users\acer\.m2\repository\com\fasterxml\jackson\core\jackson-annotations\2.21\jackson-annotations-2.21.jar, C:\Users\acer\.m2\repository\com\fasterxml\jackson\core\jackson-core\2.21.4\jackson-core-2.21.4.jar, C:\Users\acer\.m2\repository\com\fasterxml\jackson\datatype\jackson-datatype-jsr310\2.21.4\jackson-datatype-jsr310-2.21.4.jar, C:\Users\acer\.m2\repository\org\springframework\boot\spring-boot-starter-data-jpa\4.1.0\spring-boot-starter-data-jpa-4.1.0.jar, C:\Users\acer\.m2\repository\org\springframework\boot\spring-boot-starter-jdbc\4.1.0\spring-boot-starter-jdbc-4.1.0.jar, C:\Users\acer\.m2\repository\com\zaxxer\HikariCP\7.0.2\HikariCP-7.0.2.jar, C:\Users\acer\.m2\repository\org\springframework\boot\spring-boot-data-jpa\4.1.0\spring-boot-data-jpa-4.1.0.jar, C:\Users\acer\.m2\repository\org\springframework\boot\spring-boot-data-commons\4.1.0\spring-boot-data-commons-4.1.0.jar, C:\Users\acer\.m2\repository\org\springframework\boot\spring-boot-persistence\4.1.0\spring-boot-persistence-4.1.0.jar, C:\Users\acer\.m2\repository\org\springframework\data\spring-data-commons\4.1.0\spring-data-commons-4.1.0.jar, C:\Users\acer\.m2\repository\org\springframework\boot\spring-boot-hibernate\4.1.0\spring-boot-hibernate-4.1.0.jar, C:\Users\acer\.m2\repository\org\springframework\boot\spring-boot-jpa\4.1.0\spring-boot-jpa-4.1.0.jar, C:\Users\acer\.m2\repository\jakarta\persistence\jakarta.persistence-api\3.2.0\jakarta.persistence-api-3.2.0.jar, C:\Users\acer\.m2\repository\org\hibernate\orm\hibernate-core\7.4.1.Final\hibernate-core-7.4.1.Final.jar, C:\Users\acer\.m2\repository\jakarta\transaction\jakarta.transaction-api\2.0.1\jakarta.transaction-api-2.0.1.jar, C:\Users\acer\.m2\repository\org\springframework\spring-orm\7.0.8\spring-orm-7.0.8.jar, C:\Users\acer\.m2\repository\org\springframework\data\spring-data-jpa\4.1.0\spring-data-jpa-4.1.0.jar, C:\Users\acer\.m2\repository\org\antlr\antlr4-runtime\4.13.2\antlr4-runtime-4.13.2.jar, C:\Users\acer\.m2\repository\org\springframework\boot\spring-boot-jdbc\4.1.0\spring-boot-jdbc-4.1.0.jar, C:\Users\acer\.m2\repository\org\springframework\boot\spring-boot-sql\4.1.0\spring-boot-sql-4.1.0.jar, C:\Users\acer\.m2\repository\org\springframework\boot\spring-boot-transaction\4.1.0\spring-boot-transaction-4.1.0.jar, C:\Users\acer\.m2\repository\org\springframework\spring-jdbc\7.0.8\spring-jdbc-7.0.8.jar, C:\Users\acer\.m2\repository\org\springframework\boot\spring-boot-starter-validation\4.1.0\spring-boot-starter-validation-4.1.0.jar, C:\Users\acer\.m2\repository\org\springframework\boot\spring-boot-validation\4.1.0\spring-boot-validation-4.1.0.jar, C:\Users\acer\.m2\repository\org\apache\tomcat\embed\tomcat-embed-el\11.0.22\tomcat-embed-el-11.0.22.jar, C:\Users\acer\.m2\repository\org\hibernate\validator\hibernate-validator\9.1.0.Final\hibernate-validator-9.1.0.Final.jar, C:\Users\acer\.m2\repository\jakarta\validation\jakarta.validation-api\3.1.1\jakarta.validation-api-3.1.1.jar, C:\Users\acer\.m2\repository\org\jboss\logging\jboss-logging\3.6.3.Final\jboss-logging-3.6.3.Final.jar, C:\Users\acer\.m2\repository\com\fasterxml\classmate\1.7.3\classmate-1.7.3.jar, C:\Users\acer\.m2\repository\org\springframework\boot\spring-boot-starter-security\4.1.0\spring-boot-starter-security-4.1.0.jar, C:\Users\acer\.m2\repository\org\springframework\boot\spring-boot-security\4.1.0\spring-boot-security-4.1.0.jar, C:\Users\acer\.m2\repository\org\springframework\security\spring-security-config\7.1.0\spring-security-config-7.1.0.jar, C:\Users\acer\.m2\repository\org\springframework\security\spring-security-core\7.1.0\spring-security-core-7.1.0.jar, C:\Users\acer\.m2\repository\org\springframework\security\spring-security-crypto\7.1.0\spring-security-crypto-7.1.0.jar, C:\Users\acer\.m2\repository\org\springframework\security\spring-security-web\7.1.0\spring-security-web-7.1.0.jar, C:\Users\acer\.m2\repository\org\springframework\spring-aop\7.0.8\spring-aop-7.0.8.jar, C:\Users\acer\.m2\repository\org\springframework\spring-beans\7.0.8\spring-beans-7.0.8.jar, C:\Users\acer\.m2\repository\org\springframework\boot\spring-boot-starter-actuator\4.1.0\spring-boot-starter-actuator-4.1.0.jar, C:\Users\acer\.m2\repository\org\springframework\boot\spring-boot-starter-micrometer-metrics\4.1.0\spring-boot-starter-micrometer-metrics-4.1.0.jar, C:\Users\acer\.m2\repository\org\springframework\boot\spring-boot-micrometer-metrics\4.1.0\spring-boot-micrometer-metrics-4.1.0.jar, C:\Users\acer\.m2\repository\org\springframework\boot\spring-boot-micrometer-observation\4.1.0\spring-boot-micrometer-observation-4.1.0.jar, C:\Users\acer\.m2\repository\org\springframework\boot\spring-boot-actuator-autoconfigure\4.1.0\spring-boot-actuator-autoconfigure-4.1.0.jar, C:\Users\acer\.m2\repository\org\springframework\boot\spring-boot-actuator\4.1.0\spring-boot-actuator-4.1.0.jar, C:\Users\acer\.m2\repository\org\springframework\boot\spring-boot-health\4.1.0\spring-boot-health-4.1.0.jar, C:\Users\acer\.m2\repository\io\micrometer\micrometer-observation\1.17.0\micrometer-observation-1.17.0.jar, C:\Users\acer\.m2\repository\org\jspecify\jspecify\1.0.0\jspecify-1.0.0.jar, C:\Users\acer\.m2\repository\io\micrometer\micrometer-commons\1.17.0\micrometer-commons-1.17.0.jar, C:\Users\acer\.m2\repository\io\micrometer\micrometer-jakarta9\1.17.0\micrometer-jakarta9-1.17.0.jar, C:\Users\acer\.m2\repository\io\micrometer\micrometer-core\1.17.0\micrometer-core-1.17.0.jar, C:\Users\acer\.m2\repository\org\springframework\boot\spring-boot-starter-data-redis\4.1.0\spring-boot-starter-data-redis-4.1.0.jar, C:\Users\acer\.m2\repository\org\springframework\boot\spring-boot-data-redis\4.1.0\spring-boot-data-redis-4.1.0.jar, C:\Users\acer\.m2\repository\io\lettuce\lettuce-core\7.5.2.RELEASE\lettuce-core-7.5.2.RELEASE.jar, C:\Users\acer\.m2\repository\redis\clients\authentication\redis-authx-core\0.1.1-beta2\redis-authx-core-0.1.1-beta2.jar, C:\Users\acer\.m2\repository\io\netty\netty-common\4.2.15.Final\netty-common-4.2.15.Final.jar, C:\Users\acer\.m2\repository\io\netty\netty-handler\4.2.15.Final\netty-handler-4.2.15.Final.jar, C:\Users\acer\.m2\repository\io\netty\netty-resolver\4.2.15.Final\netty-resolver-4.2.15.Final.jar, C:\Users\acer\.m2\repository\io\netty\netty-buffer\4.2.15.Final\netty-buffer-4.2.15.Final.jar, C:\Users\acer\.m2\repository\io\netty\netty-transport-native-unix-common\4.2.15.Final\netty-transport-native-unix-common-4.2.15.Final.jar, C:\Users\acer\.m2\repository\io\netty\netty-codec-base\4.2.15.Final\netty-codec-base-4.2.15.Final.jar, C:\Users\acer\.m2\repository\io\netty\netty-transport\4.2.15.Final\netty-transport-4.2.15.Final.jar, C:\Users\acer\.m2\repository\io\projectreactor\reactor-core\3.8.6\reactor-core-3.8.6.jar, C:\Users\acer\.m2\repository\org\reactivestreams\reactive-streams\1.0.4\reactive-streams-1.0.4.jar, C:\Users\acer\.m2\repository\io\netty\netty-resolver-dns\4.2.15.Final\netty-resolver-dns-4.2.15.Final.jar, C:\Users\acer\.m2\repository\io\netty\netty-codec-dns\4.2.15.Final\netty-codec-dns-4.2.15.Final.jar, C:\Users\acer\.m2\repository\org\springframework\data\spring-data-redis\4.1.0\spring-data-redis-4.1.0.jar, C:\Users\acer\.m2\repository\org\springframework\data\spring-data-keyvalue\4.1.0\spring-data-keyvalue-4.1.0.jar, C:\Users\acer\.m2\repository\org\springframework\spring-oxm\7.0.8\spring-oxm-7.0.8.jar, C:\Users\acer\.m2\repository\org\springframework\spring-context-support\7.0.8\spring-context-support-7.0.8.jar, C:\Users\acer\.m2\repository\org\springframework\spring-messaging\7.0.8\spring-messaging-7.0.8.jar, C:\Users\acer\.m2\repository\org\springframework\kafka\spring-kafka\4.1.0\spring-kafka-4.1.0.jar, C:\Users\acer\.m2\repository\org\springframework\spring-context\7.0.8\spring-context-7.0.8.jar, C:\Users\acer\.m2\repository\org\springframework\spring-expression\7.0.8\spring-expression-7.0.8.jar, C:\Users\acer\.m2\repository\org\springframework\spring-tx\7.0.8\spring-tx-7.0.8.jar, C:\Users\acer\.m2\repository\org\apache\kafka\kafka-clients\4.2.1\kafka-clients-4.2.1.jar, C:\Users\acer\.m2\repository\org\springframework\retry\spring-retry\2.0.12\spring-retry-2.0.12.jar, C:\Users\acer\.m2\repository\org\springframework\spring-aspects\7.0.8\spring-aspects-7.0.8.jar, C:\Users\acer\.m2\repository\org\aspectj\aspectjweaver\1.9.25.1\aspectjweaver-1.9.25.1.jar, C:\Users\acer\.m2\repository\org\flywaydb\flyway-core\12.4.0\flyway-core-12.4.0.jar, C:\Users\acer\.m2\repository\tools\jackson\core\jackson-databind\3.1.4\jackson-databind-3.1.4.jar, C:\Users\acer\.m2\repository\tools\jackson\core\jackson-core\3.1.4\jackson-core-3.1.4.jar, C:\Users\acer\.m2\repository\org\slf4j\slf4j-api\2.0.18\slf4j-api-2.0.18.jar, C:\Users\acer\.m2\repository\org\springdoc\springdoc-openapi-starter-webmvc-ui\2.8.9\springdoc-openapi-starter-webmvc-ui-2.8.9.jar, C:\Users\acer\.m2\repository\org\springdoc\springdoc-openapi-starter-webmvc-api\2.8.9\springdoc-openapi-starter-webmvc-api-2.8.9.jar, C:\Users\acer\.m2\repository\org\springdoc\springdoc-openapi-starter-common\2.8.9\springdoc-openapi-starter-common-2.8.9.jar, C:\Users\acer\.m2\repository\io\swagger\core\v3\swagger-core-jakarta\2.2.30\swagger-core-jakarta-2.2.30.jar, C:\Users\acer\.m2\repository\org\apache\commons\commons-lang3\3.20.0\commons-lang3-3.20.0.jar, C:\Users\acer\.m2\repository\io\swagger\core\v3\swagger-annotations-jakarta\2.2.30\swagger-annotations-jakarta-2.2.30.jar, C:\Users\acer\.m2\repository\io\swagger\core\v3\swagger-models-jakarta\2.2.30\swagger-models-jakarta-2.2.30.jar, C:\Users\acer\.m2\repository\com\fasterxml\jackson\dataformat\jackson-dataformat-yaml\2.21.4\jackson-dataformat-yaml-2.21.4.jar, C:\Users\acer\.m2\repository\org\webjars\swagger-ui\5.21.0\swagger-ui-5.21.0.jar, C:\Users\acer\.m2\repository\org\webjars\webjars-locator-lite\1.1.3\webjars-locator-lite-1.1.3.jar, C:\Users\acer\.m2\repository\org\springframework\boot\spring-boot-starter\4.1.0\spring-boot-starter-4.1.0.jar, C:\Users\acer\.m2\repository\org\springframework\boot\spring-boot-starter-logging\4.1.0\spring-boot-starter-logging-4.1.0.jar, C:\Users\acer\.m2\repository\ch\qos\logback\logback-classic\1.5.34\logback-classic-1.5.34.jar, C:\Users\acer\.m2\repository\ch\qos\logback\logback-core\1.5.34\logback-core-1.5.34.jar, C:\Users\acer\.m2\repository\org\apache\logging\log4j\log4j-to-slf4j\2.25.4\log4j-to-slf4j-2.25.4.jar, C:\Users\acer\.m2\repository\org\apache\logging\log4j\log4j-api\2.25.4\log4j-api-2.25.4.jar, C:\Users\acer\.m2\repository\org\slf4j\jul-to-slf4j\2.0.18\jul-to-slf4j-2.0.18.jar, C:\Users\acer\.m2\repository\org\springframework\boot\spring-boot-autoconfigure\4.1.0\spring-boot-autoconfigure-4.1.0.jar, C:\Users\acer\.m2\repository\jakarta\annotation\jakarta.annotation-api\3.0.0\jakarta.annotation-api-3.0.0.jar, C:\Users\acer\.m2\repository\org\yaml\snakeyaml\2.6\snakeyaml-2.6.jar, C:\Users\acer\.m2\repository\jakarta\xml\bind\jakarta.xml.bind-api\4.0.5\jakarta.xml.bind-api-4.0.5.jar, C:\Users\acer\.m2\repository\jakarta\activation\jakarta.activation-api\2.1.4\jakarta.activation-api-2.1.4.jar, C:\Users\acer\.m2\repository\org\springframework\spring-core\7.0.8\spring-core-7.0.8.jar, C:\Users\acer\.m2\repository\commons-logging\commons-logging\1.3.6\commons-logging-1.3.6.jar]
[DEBUG]   (f) compileSourceRoots = [C:\Users\acer\Downloads\booking-system\booking-system\booking-service\src\main\java]
[DEBUG]   (f) compilerId = javac
[DEBUG]   (f) createMissingPackageInfoClass = true
[DEBUG]   (f) debug = true
[DEBUG]   (f) debugFileName = javac
[DEBUG]   (f) enablePreview = false
[DEBUG]   (f) encoding = UTF-8
[DEBUG]   (f) failOnError = true
[DEBUG]   (f) failOnWarning = false
[DEBUG]   (f) fileExtensions = [jar, class]
[DEBUG]   (f) forceJavacCompilerUse = false
[DEBUG]   (f) forceLegacyJavacApi = false
[DEBUG]   (f) fork = false
[DEBUG]   (f) generatedSourcesDirectory = C:\Users\acer\Downloads\booking-system\booking-system\booking-service\target\generated-sources\annotations
[DEBUG]   (f) mojoExecution = org.apache.maven.plugins:maven-compiler-plugin:3.13.0:compile {execution: default-compile}
[DEBUG]   (f) optimize = false
[DEBUG]   (f) outputDirectory = C:\Users\acer\Downloads\booking-system\booking-system\booking-service\target\classes
[DEBUG]   (f) parameters = true
[DEBUG]   (f) proc = full
[DEBUG]   (f) project = MavenProject: com.krushna:booking-service:1.0.0-SNAPSHOT @ C:\Users\acer\Downloads\booking-system\booking-system\booking-service\pom.xml
[DEBUG]   (f) projectArtifact = com.krushna:booking-service:jar:1.0.0-SNAPSHOT
[DEBUG]   (s) release = 21
[DEBUG]   (f) session = org.apache.maven.execution.MavenSession@38792286
[DEBUG]   (f) showCompilationChanges = false
[DEBUG]   (f) showDeprecation = false
[DEBUG]   (f) showWarnings = true
[DEBUG]   (f) skipMultiThreadWarning = false
[DEBUG]   (f) source = 1.8
[DEBUG]   (f) staleMillis = 0
[DEBUG]   (s) target = 1.8
[DEBUG]   (f) useIncrementalCompilation = true
[DEBUG]   (f) verbose = false
[DEBUG] -- end configuration --
[DEBUG] Using compiler 'javac'.
[DEBUG] Adding C:\Users\acer\Downloads\booking-system\booking-system\booking-service\target\generated-sources\annotations to compile source roots:
  C:\Users\acer\Downloads\booking-system\booking-system\booking-service\src\main\java
[DEBUG] New compile source roots:
  C:\Users\acer\Downloads\booking-system\booking-system\booking-service\src\main\java
  C:\Users\acer\Downloads\booking-system\booking-system\booking-service\target\generated-sources\annotations
[DEBUG] Dependency collection stats {ConflictMarker.analyzeTime=74900, ConflictMarker.markTime=26600, ConflictMarker.nodeCount=4, ConflictIdSorter.graphTime=7900, ConflictIdSorter.topsortTime=23400, ConflictIdSorter.conflictIdCount=3, ConflictIdSorter.conflictIdCycleCount=0, ConflictResolver.totalTime=117700, ConflictResolver.conflictItemCount=3, DfDependencyCollector.collectTime=338200, DfDependencyCollector.transformTime=283000}
[DEBUG] CompilerReuseStrategy: reuseCreated
[DEBUG] useIncrementalCompilation enabled
[INFO] 	New dependency detected: C:\Users\acer\Downloads\booking-system\booking-system\common\target\classes\com\krushna\moviebooking\common\CommonModuleApplication.class
[INFO] 	Stale source detected: C:\Users\acer\Downloads\booking-system\booking-system\booking-service\src\main\java\com\krushna\moviebooking\booking\model\PagedResponse.java
[INFO] 	Stale source detected: C:\Users\acer\Downloads\booking-system\booking-system\booking-service\src\main\java\com\krushna\moviebooking\booking\event\BookingCreatedEvent.java
[INFO] 	Stale source detected: C:\Users\acer\Downloads\booking-system\booking-system\booking-service\src\main\java\com\krushna\moviebooking\booking\idempotency\ProcessedEvent.java
[INFO] 	Stale source detected: C:\Users\acer\Downloads\booking-system\booking-system\booking-service\src\main\java\com\krushna\moviebooking\booking\exception\SeatNotAvailableException.java
[INFO] 	Stale source detected: C:\Users\acer\Downloads\booking-system\booking-system\booking-service\src\main\java\com\krushna\moviebooking\booking\dto\BookingResponse.java
[INFO] 	Stale source detected: C:\Users\acer\Downloads\booking-system\booking-system\booking-service\src\main\java\com\krushna\moviebooking\booking\validator\ShowValidator.java
[INFO] 	Stale source detected: C:\Users\acer\Downloads\booking-system\booking-system\booking-service\src\main\java\com\krushna\moviebooking\booking\dto\BookingUpdateRequest.java
[INFO] 	Stale source detected: C:\Users\acer\Downloads\booking-system\booking-system\booking-service\src\main\java\com\krushna\moviebooking\booking\exception\BookingNotFoundException.java
[INFO] 	Stale source detected: C:\Users\acer\Downloads\booking-system\booking-system\booking-service\src\main\java\com\krushna\moviebooking\booking\exception\InvalidBookingOwnershipException.java
[INFO] 	Stale source detected: C:\Users\acer\Downloads\booking-system\booking-system\booking-service\src\main\java\com\krushna\moviebooking\booking\idempotency\IdempotencyService.java
[INFO] 	Stale source detected: C:\Users\acer\Downloads\booking-system\booking-system\booking-service\src\main\java\com\krushna\moviebooking\booking\event\BookingCancelledEvent.java
[INFO] 	Stale source detected: C:\Users\acer\Downloads\booking-system\booking-system\booking-service\src\main\java\com\krushna\moviebooking\booking\dto\BookingSummary.java
[INFO] 	Stale source detected: C:\Users\acer\Downloads\booking-system\booking-system\booking-service\src\main\java\com\krushna\moviebooking\booking\event\BookingEventPublisher.java
[INFO] 	Stale source detected: C:\Users\acer\Downloads\booking-system\booking-system\booking-service\src\main\java\com\krushna\moviebooking\booking\validator\impl\UserValidatorImpl.java
[INFO] 	Stale source detected: C:\Users\acer\Downloads\booking-system\booking-system\booking-service\src\main\java\com\krushna\moviebooking\booking\event\BookingEventConsumer.java
[INFO] 	Stale source detected: C:\Users\acer\Downloads\booking-system\booking-system\booking-service\src\main\java\com\krushna\moviebooking\booking\scheduler\ExpiredBookingProcessor.java
[INFO] 	Stale source detected: C:\Users\acer\Downloads\booking-system\booking-system\booking-service\src\main\java\com\krushna\moviebooking\booking\event\BookingExpiredEvent.java
[INFO] 	Stale source detected: C:\Users\acer\Downloads\booking-system\booking-system\booking-service\src\main\java\com\krushna\moviebooking\booking\exception\BookingExceptionHandler.java
[INFO] 	Stale source detected: C:\Users\acer\Downloads\booking-system\booking-system\booking-service\src\main\java\com\krushna\moviebooking\booking\model\PagedResponseCompat.java
[INFO] 	Stale source detected: C:\Users\acer\Downloads\booking-system\booking-system\booking-service\src\main\java\com\krushna\moviebooking\booking\dto\BookingSeatResponse.java
[INFO] 	Stale source detected: C:\Users\acer\Downloads\booking-system\booking-system\booking-service\src\main\java\com\krushna\moviebooking\booking\dto\PaymentInitiationRequest.java
[INFO] 	Stale source detected: C:\Users\acer\Downloads\booking-system\booking-system\booking-service\src\main\java\com\krushna\moviebooking\booking\validator\BookingValidator.java
[INFO] 	Stale source detected: C:\Users\acer\Downloads\booking-system\booking-system\booking-service\src\main\java\com\krushna\moviebooking\booking\statemachine\BookingTransitionValidatorImpl.java
[INFO] 	Stale source detected: C:\Users\acer\Downloads\booking-system\booking-system\booking-service\src\main\java\com\krushna\moviebooking\booking\service\BookingService.java
[INFO] 	Stale source detected: C:\Users\acer\Downloads\booking-system\booking-system\booking-service\src\main\java\com\krushna\moviebooking\booking\exception\UserNotAuthorizedException.java
[INFO] 	Stale source detected: C:\Users\acer\Downloads\booking-system\booking-system\booking-service\src\main\java\com\krushna\moviebooking\booking\event\BookingConfirmedEvent.java
[INFO] 	Stale source detected: C:\Users\acer\Downloads\booking-system\booking-system\booking-service\src\main\java\com\krushna\moviebooking\booking\repository\BookingRepository.java
[INFO] 	Stale source detected: C:\Users\acer\Downloads\booking-system\booking-system\booking-service\src\main\java\com\krushna\moviebooking\booking\config\RedisConfig.java
[INFO] 	Stale source detected: C:\Users\acer\Downloads\booking-system\booking-system\booking-service\src\main\java\com\krushna\moviebooking\booking\exception\InvalidBookingStateException.java
[INFO] 	Stale source detected: C:\Users\acer\Downloads\booking-system\booking-system\booking-service\src\main\java\com\krushna\moviebooking\booking\exception\SeatNotFoundException.java
[INFO] 	Stale source detected: C:\Users\acer\Downloads\booking-system\booking-system\booking-service\src\main\java\com\krushna\moviebooking\booking\exception\ShowInactiveException.java
[INFO] 	Stale source detected: C:\Users\acer\Downloads\booking-system\booking-system\booking-service\src\main\java\com\krushna\moviebooking\booking\exception\BookingAlreadyConfirmedException.java
[INFO] 	Stale source detected: C:\Users\acer\Downloads\booking-system\booking-system\booking-service\src\main\java\com\krushna\moviebooking\booking\exception\SeatAlreadyLockedException.java
[INFO] 	Stale source detected: C:\Users\acer\Downloads\booking-system\booking-system\booking-service\src\main\java\com\krushna\moviebooking\booking\statemachine\BookingTransitionException.java
[INFO] 	Stale source detected: C:\Users\acer\Downloads\booking-system\booking-system\booking-service\src\main\java\com\krushna\moviebooking\booking\statemachine\BookingStatus.java
[INFO] 	Stale source detected: C:\Users\acer\Downloads\booking-system\booking-system\booking-service\src\main\java\com\krushna\moviebooking\booking\client\PaymentClient.java
[INFO] 	Stale source detected: C:\Users\acer\Downloads\booking-system\booking-system\booking-service\src\main\java\com\krushna\moviebooking\booking\statemachine\BookingStateMachine.java
[INFO] 	Stale source detected: C:\Users\acer\Downloads\booking-system\booking-system\booking-service\src\main\java\com\krushna\moviebooking\booking\controller\BookingController.java
[INFO] 	Stale source detected: C:\Users\acer\Downloads\booking-system\booking-system\booking-service\src\main\java\com\krushna\moviebooking\booking\validator\impl\BookingValidatorImpl.java
[INFO] 	Stale source detected: C:\Users\acer\Downloads\booking-system\booking-system\booking-service\src\main\java\com\krushna\moviebooking\booking\dto\SeatLockResponse.java
[INFO] 	Stale source detected: C:\Users\acer\Downloads\booking-system\booking-system\booking-service\src\main\java\com\krushna\moviebooking\booking\repository\BookingSeatRepository.java
[INFO] 	Stale source detected: C:\Users\acer\Downloads\booking-system\booking-system\booking-service\src\main\java\com\krushna\moviebooking\booking\config\SecurityConfig.java
[INFO] 	Stale source detected: C:\Users\acer\Downloads\booking-system\booking-system\booking-service\src\main\java\com\krushna\moviebooking\booking\service\SeatLockService.java
[INFO] 	Stale source detected: C:\Users\acer\Downloads\booking-system\booking-system\booking-service\src\main\java\com\krushna\moviebooking\booking\client\ShowClient.java
[INFO] 	Stale source detected: C:\Users\acer\Downloads\booking-system\booking-system\booking-service\src\main\java\com\krushna\moviebooking\booking\scheduler\SeatLockCleanupScheduler.java
[INFO] 	Stale source detected: C:\Users\acer\Downloads\booking-system\booking-system\booking-service\src\main\java\com\krushna\moviebooking\booking\exception\UserNotFoundException.java
[INFO] 	Stale source detected: C:\Users\acer\Downloads\booking-system\booking-system\booking-service\src\main\java\com\krushna\moviebooking\booking\statemachine\BookingTransitionRule.java
[INFO] 	Stale source detected: C:\Users\acer\Downloads\booking-system\booking-system\booking-service\src\main\java\com\krushna\moviebooking\booking\config\SchedulerConfiguration.java
[INFO] 	Stale source detected: C:\Users\acer\Downloads\booking-system\booking-system\booking-service\src\main\java\com\krushna\moviebooking\booking\model\SeatLock.java
[INFO] 	Stale source detected: C:\Users\acer\Downloads\booking-system\booking-system\booking-service\src\main\java\com\krushna\moviebooking\booking\config\BookingConfig.java
[INFO] 	Stale source detected: C:\Users\acer\Downloads\booking-system\booking-system\booking-service\src\main\java\com\krushna\moviebooking\booking\mapper\BookingSeatMapper.java
[INFO] 	Stale source detected: C:\Users\acer\Downloads\booking-system\booking-system\booking-service\src\main\java\com\krushna\moviebooking\booking\exception\InvalidBookingRequestException.java
[INFO] 	Stale source detected: C:\Users\acer\Downloads\booking-system\booking-system\booking-service\src\main\java\com\krushna\moviebooking\booking\outbox\OutboxEvent.java
[INFO] 	Stale source detected: C:\Users\acer\Downloads\booking-system\booking-system\booking-service\src\main\java\com\krushna\moviebooking\booking\exception\UserInactiveException.java
[INFO] 	Stale source detected: C:\Users\acer\Downloads\booking-system\booking-system\booking-service\src\main\java\com\krushna\moviebooking\booking\exception\ShowNotFoundException.java
[INFO] 	Stale source detected: C:\Users\acer\Downloads\booking-system\booking-system\booking-service\src\main\java\com\krushna\moviebooking\booking\repository\BookingSpecification.java
[INFO] 	Stale source detected: C:\Users\acer\Downloads\booking-system\booking-system\booking-service\src\main\java\com\krushna\moviebooking\booking\entity\BookingSeat.java
[INFO] 	Stale source detected: C:\Users\acer\Downloads\booking-system\booking-system\booking-service\src\main\java\com\krushna\moviebooking\booking\exception\BookingExpiredException.java
[INFO] 	Stale source detected: C:\Users\acer\Downloads\booking-system\booking-system\booking-service\src\main\java\com\krushna\moviebooking\booking\client\DefaultUserClient.java
[INFO] 	Stale source detected: C:\Users\acer\Downloads\booking-system\booking-system\booking-service\src\main\java\com\krushna\moviebooking\booking\scheduler\BookingExpirationScheduler.java
[INFO] 	Stale source detected: C:\Users\acer\Downloads\booking-system\booking-system\booking-service\src\main\java\com\krushna\moviebooking\booking\service\impl\RedisSeatLockServiceImpl.java
[INFO] 	Stale source detected: C:\Users\acer\Downloads\booking-system\booking-system\booking-service\src\main\java\com\krushna\moviebooking\booking\validator\impl\SeatValidatorImpl.java
[INFO] 	Stale source detected: C:\Users\acer\Downloads\booking-system\booking-system\booking-service\src\main\java\com\krushna\moviebooking\booking\client\DefaultPaymentClient.java
[INFO] 	Stale source detected: C:\Users\acer\Downloads\booking-system\booking-system\booking-service\src\main\java\com\krushna\moviebooking\booking\dto\PaymentCallbackRequest.java
[INFO] 	Stale source detected: C:\Users\acer\Downloads\booking-system\booking-system\booking-service\src\main\java\com\krushna\moviebooking\booking\idempotency\ProcessedEventRepository.java
[INFO] 	Stale source detected: C:\Users\acer\Downloads\booking-system\booking-system\booking-service\src\main\java\com\krushna\moviebooking\booking\repository\SeatLockRepository.java
[INFO] 	Stale source detected: C:\Users\acer\Downloads\booking-system\booking-system\booking-service\src\main\java\com\krushna\moviebooking\booking\config\OpenApiConfig.java
[INFO] 	Stale source detected: C:\Users\acer\Downloads\booking-system\booking-system\booking-service\src\main\java\com\krushna\moviebooking\booking\controller\BookingAdminController.java
[INFO] 	Stale source detected: C:\Users\acer\Downloads\booking-system\booking-system\booking-service\src\main\java\com\krushna\moviebooking\booking\validator\SeatValidator.java
[INFO] 	Stale source detected: C:\Users\acer\Downloads\booking-system\booking-system\booking-service\src\main\java\com\krushna\moviebooking\booking\event\KafkaBookingEventPublisher.java
[INFO] 	Stale source detected: C:\Users\acer\Downloads\booking-system\booking-system\booking-service\src\main\java\com\krushna\moviebooking\booking\exception\PaymentFailedException.java
[INFO] 	Stale source detected: C:\Users\acer\Downloads\booking-system\booking-system\booking-service\src\main\java\com\krushna\moviebooking\booking\event\BookingFailedEvent.java
[INFO] 	Stale source detected: C:\Users\acer\Downloads\booking-system\booking-system\booking-service\src\main\java\com\krushna\moviebooking\booking\BookingApplication.java
[INFO] 	Stale source detected: C:\Users\acer\Downloads\booking-system\booking-system\booking-service\src\main\java\com\krushna\moviebooking\booking\client\UserClient.java
[INFO] 	Stale source detected: C:\Users\acer\Downloads\booking-system\booking-system\booking-service\src\main\java\com\krushna\moviebooking\booking\statemachine\BookingTransitionValidator.java
[INFO] 	Stale source detected: C:\Users\acer\Downloads\booking-system\booking-system\booking-service\src\main\java\com\krushna\moviebooking\booking\dto\BookingSearchCriteria.java
[INFO] 	Stale source detected: C:\Users\acer\Downloads\booking-system\booking-system\booking-service\src\main\java\com\krushna\moviebooking\booking\client\DefaultShowClient.java
[INFO] 	Stale source detected: C:\Users\acer\Downloads\booking-system\booking-system\booking-service\src\main\java\com\krushna\moviebooking\booking\dto\BookingRequest.java
[INFO] 	Stale source detected: C:\Users\acer\Downloads\booking-system\booking-system\booking-service\src\main\java\com\krushna\moviebooking\booking\exception\SeatInactiveException.java
[INFO] 	Stale source detected: C:\Users\acer\Downloads\booking-system\booking-system\booking-service\src\main\java\com\krushna\moviebooking\booking\config\SeatLockProperties.java
[INFO] 	Stale source detected: C:\Users\acer\Downloads\booking-system\booking-system\booking-service\src\main\java\com\krushna\moviebooking\booking\scheduler\SeatLockScheduler.java
[INFO] 	Stale source detected: C:\Users\acer\Downloads\booking-system\booking-system\booking-service\src\main\java\com\krushna\moviebooking\booking\exception\ShowExpiredException.java
[INFO] 	Stale source detected: C:\Users\acer\Downloads\booking-system\booking-system\booking-service\src\main\java\com\krushna\moviebooking\booking\dto\PaymentInitiationResponse.java
[INFO] 	Stale source detected: C:\Users\acer\Downloads\booking-system\booking-system\booking-service\src\main\java\com\krushna\moviebooking\booking\service\impl\BookingServiceImpl.java
[INFO] 	Stale source detected: C:\Users\acer\Downloads\booking-system\booking-system\booking-service\src\main\java\com\krushna\moviebooking\booking\validator\BookingValidationFacade.java
[INFO] 	Stale source detected: C:\Users\acer\Downloads\booking-system\booking-system\booking-service\src\main\java\com\krushna\moviebooking\booking\validator\UserValidator.java
[INFO] 	Stale source detected: C:\Users\acer\Downloads\booking-system\booking-system\booking-service\src\main\java\com\krushna\moviebooking\booking\config\KafkaConfig.java
[INFO] 	Stale source detected: C:\Users\acer\Downloads\booking-system\booking-system\booking-service\src\main\java\com\krushna\moviebooking\booking\outbox\OutboxEventService.java
[INFO] 	Stale source detected: C:\Users\acer\Downloads\booking-system\booking-system\booking-service\src\main\java\com\krushna\moviebooking\booking\entity\Booking.java
[INFO] 	Stale source detected: C:\Users\acer\Downloads\booking-system\booking-system\booking-service\src\main\java\com\krushna\moviebooking\booking\exception\BookingAlreadyCancelledException.java
[INFO] 	Stale source detected: C:\Users\acer\Downloads\booking-system\booking-system\booking-service\src\main\java\com\krushna\moviebooking\booking\exception\SeatUnavailableException.java
[INFO] 	Stale source detected: C:\Users\acer\Downloads\booking-system\booking-system\booking-service\src\main\java\com\krushna\moviebooking\booking\mapper\BookingMapper.java
[INFO] 	Stale source detected: C:\Users\acer\Downloads\booking-system\booking-system\booking-service\src\main\java\com\krushna\moviebooking\booking\validator\impl\BookingValidationFacadeImpl.java
[INFO] 	Stale source detected: C:\Users\acer\Downloads\booking-system\booking-system\booking-service\src\main\java\com\krushna\moviebooking\booking\model\ApiResponseCompat.java
[INFO] 	Stale source detected: C:\Users\acer\Downloads\booking-system\booking-system\booking-service\src\main\java\com\krushna\moviebooking\booking\validator\LockOwnershipValidator.java
[INFO] 	Stale source detected: C:\Users\acer\Downloads\booking-system\booking-system\booking-service\src\main\java\com\krushna\moviebooking\booking\dto\SeatLockRequest.java
[INFO] 	Stale source detected: C:\Users\acer\Downloads\booking-system\booking-system\booking-service\src\main\java\com\krushna\moviebooking\booking\validator\impl\ShowValidatorImpl.java
[INFO] 	Stale source detected: C:\Users\acer\Downloads\booking-system\booking-system\booking-service\src\main\java\com\krushna\moviebooking\booking\outbox\OutboxEventRepository.java
[INFO] 	Stale source detected: C:\Users\acer\Downloads\booking-system\booking-system\booking-service\src\main\java\com\krushna\moviebooking\booking\repository\impl\RedisSeatLockRepositoryImpl.java
[INFO] 	Input tree files (+): C:\Users\acer\Downloads\booking-system\booking-system\booking-service\src\main\java\com\krushna\moviebooking\booking\BookingApplication.java
[INFO] 	Input tree files (+): C:\Users\acer\Downloads\booking-system\booking-system\booking-service\src\main\java\com\krushna\moviebooking\booking\client\DefaultPaymentClient.java
[INFO] 	Input tree files (+): C:\Users\acer\Downloads\booking-system\booking-system\booking-service\src\main\java\com\krushna\moviebooking\booking\client\DefaultShowClient.java
[INFO] 	Input tree files (+): C:\Users\acer\Downloads\booking-system\booking-system\booking-service\src\main\java\com\krushna\moviebooking\booking\client\DefaultUserClient.java
[INFO] 	Input tree files (+): C:\Users\acer\Downloads\booking-system\booking-system\booking-service\src\main\java\com\krushna\moviebooking\booking\client\PaymentClient.java
[INFO] 	Input tree files (+): C:\Users\acer\Downloads\booking-system\booking-system\booking-service\src\main\java\com\krushna\moviebooking\booking\client\ShowClient.java
[INFO] 	Input tree files (+): C:\Users\acer\Downloads\booking-system\booking-system\booking-service\src\main\java\com\krushna\moviebooking\booking\client\UserClient.java
[INFO] 	Input tree files (+): C:\Users\acer\Downloads\booking-system\booking-system\booking-service\src\main\java\com\krushna\moviebooking\booking\config\BookingConfig.java
[INFO] 	Input tree files (+): C:\Users\acer\Downloads\booking-system\booking-system\booking-service\src\main\java\com\krushna\moviebooking\booking\config\KafkaConfig.java
[INFO] 	Input tree files (+): C:\Users\acer\Downloads\booking-system\booking-system\booking-service\src\main\java\com\krushna\moviebooking\booking\config\OpenApiConfig.java
[INFO] 	Input tree files (+): C:\Users\acer\Downloads\booking-system\booking-system\booking-service\src\main\java\com\krushna\moviebooking\booking\config\RedisConfig.java
[INFO] 	Input tree files (+): C:\Users\acer\Downloads\booking-system\booking-system\booking-service\src\main\java\com\krushna\moviebooking\booking\config\SchedulerConfiguration.java
[INFO] 	Input tree files (+): C:\Users\acer\Downloads\booking-system\booking-system\booking-service\src\main\java\com\krushna\moviebooking\booking\config\SeatLockProperties.java
[INFO] 	Input tree files (+): C:\Users\acer\Downloads\booking-system\booking-system\booking-service\src\main\java\com\krushna\moviebooking\booking\config\SecurityConfig.java
[INFO] 	Input tree files (+): C:\Users\acer\Downloads\booking-system\booking-system\booking-service\src\main\java\com\krushna\moviebooking\booking\controller\BookingAdminController.java
[INFO] 	Input tree files (+): C:\Users\acer\Downloads\booking-system\booking-system\booking-service\src\main\java\com\krushna\moviebooking\booking\controller\BookingController.java
[INFO] 	Input tree files (+): C:\Users\acer\Downloads\booking-system\booking-system\booking-service\src\main\java\com\krushna\moviebooking\booking\dto\BookingRequest.java
[INFO] 	Input tree files (+): C:\Users\acer\Downloads\booking-system\booking-system\booking-service\src\main\java\com\krushna\moviebooking\booking\dto\BookingResponse.java
[INFO] 	Input tree files (+): C:\Users\acer\Downloads\booking-system\booking-system\booking-service\src\main\java\com\krushna\moviebooking\booking\dto\BookingSearchCriteria.java
[INFO] 	Input tree files (+): C:\Users\acer\Downloads\booking-system\booking-system\booking-service\src\main\java\com\krushna\moviebooking\booking\dto\BookingSeatResponse.java
[INFO] 	Input tree files (+): C:\Users\acer\Downloads\booking-system\booking-system\booking-service\src\main\java\com\krushna\moviebooking\booking\dto\BookingSummary.java
[INFO] 	Input tree files (+): C:\Users\acer\Downloads\booking-system\booking-system\booking-service\src\main\java\com\krushna\moviebooking\booking\dto\BookingUpdateRequest.java
[INFO] 	Input tree files (+): C:\Users\acer\Downloads\booking-system\booking-system\booking-service\src\main\java\com\krushna\moviebooking\booking\dto\PaymentCallbackRequest.java
[INFO] 	Input tree files (+): C:\Users\acer\Downloads\booking-system\booking-system\booking-service\src\main\java\com\krushna\moviebooking\booking\dto\PaymentInitiationRequest.java
[INFO] 	Input tree files (+): C:\Users\acer\Downloads\booking-system\booking-system\booking-service\src\main\java\com\krushna\moviebooking\booking\dto\PaymentInitiationResponse.java
[INFO] 	Input tree files (+): C:\Users\acer\Downloads\booking-system\booking-system\booking-service\src\main\java\com\krushna\moviebooking\booking\dto\SeatLockRequest.java
[INFO] 	Input tree files (+): C:\Users\acer\Downloads\booking-system\booking-system\booking-service\src\main\java\com\krushna\moviebooking\booking\dto\SeatLockResponse.java
[INFO] 	Input tree files (+): C:\Users\acer\Downloads\booking-system\booking-system\booking-service\src\main\java\com\krushna\moviebooking\booking\entity\Booking.java
[INFO] 	Input tree files (+): C:\Users\acer\Downloads\booking-system\booking-system\booking-service\src\main\java\com\krushna\moviebooking\booking\entity\BookingSeat.java
[INFO] 	Input tree files (+): C:\Users\acer\Downloads\booking-system\booking-system\booking-service\src\main\java\com\krushna\moviebooking\booking\event\BookingCancelledEvent.java
[INFO] 	Input tree files (+): C:\Users\acer\Downloads\booking-system\booking-system\booking-service\src\main\java\com\krushna\moviebooking\booking\event\BookingConfirmedEvent.java
[INFO] 	Input tree files (+): C:\Users\acer\Downloads\booking-system\booking-system\booking-service\src\main\java\com\krushna\moviebooking\booking\event\BookingCreatedEvent.java
[INFO] 	Input tree files (+): C:\Users\acer\Downloads\booking-system\booking-system\booking-service\src\main\java\com\krushna\moviebooking\booking\event\BookingEventConsumer.java
[INFO] 	Input tree files (+): C:\Users\acer\Downloads\booking-system\booking-system\booking-service\src\main\java\com\krushna\moviebooking\booking\event\BookingEventPublisher.java
[INFO] 	Input tree files (+): C:\Users\acer\Downloads\booking-system\booking-system\booking-service\src\main\java\com\krushna\moviebooking\booking\event\BookingExpiredEvent.java
[INFO] 	Input tree files (+): C:\Users\acer\Downloads\booking-system\booking-system\booking-service\src\main\java\com\krushna\moviebooking\booking\event\BookingFailedEvent.java
[INFO] 	Input tree files (+): C:\Users\acer\Downloads\booking-system\booking-system\booking-service\src\main\java\com\krushna\moviebooking\booking\event\KafkaBookingEventPublisher.java
[INFO] 	Input tree files (+): C:\Users\acer\Downloads\booking-system\booking-system\booking-service\src\main\java\com\krushna\moviebooking\booking\exception\BookingAlreadyCancelledException.java
[INFO] 	Input tree files (+): C:\Users\acer\Downloads\booking-system\booking-system\booking-service\src\main\java\com\krushna\moviebooking\booking\exception\BookingAlreadyConfirmedException.java
[INFO] 	Input tree files (+): C:\Users\acer\Downloads\booking-system\booking-system\booking-service\src\main\java\com\krushna\moviebooking\booking\exception\BookingExceptionHandler.java
[INFO] 	Input tree files (+): C:\Users\acer\Downloads\booking-system\booking-system\booking-service\src\main\java\com\krushna\moviebooking\booking\exception\BookingExpiredException.java
[INFO] 	Input tree files (+): C:\Users\acer\Downloads\booking-system\booking-system\booking-service\src\main\java\com\krushna\moviebooking\booking\exception\BookingNotFoundException.java
[INFO] 	Input tree files (+): C:\Users\acer\Downloads\booking-system\booking-system\booking-service\src\main\java\com\krushna\moviebooking\booking\exception\InvalidBookingOwnershipException.java
[INFO] 	Input tree files (+): C:\Users\acer\Downloads\booking-system\booking-system\booking-service\src\main\java\com\krushna\moviebooking\booking\exception\InvalidBookingRequestException.java
[INFO] 	Input tree files (+): C:\Users\acer\Downloads\booking-system\booking-system\booking-service\src\main\java\com\krushna\moviebooking\booking\exception\InvalidBookingStateException.java
[INFO] 	Input tree files (+): C:\Users\acer\Downloads\booking-system\booking-system\booking-service\src\main\java\com\krushna\moviebooking\booking\exception\PaymentFailedException.java
[INFO] 	Input tree files (+): C:\Users\acer\Downloads\booking-system\booking-system\booking-service\src\main\java\com\krushna\moviebooking\booking\exception\SeatAlreadyLockedException.java
[INFO] 	Input tree files (+): C:\Users\acer\Downloads\booking-system\booking-system\booking-service\src\main\java\com\krushna\moviebooking\booking\exception\SeatInactiveException.java
[INFO] 	Input tree files (+): C:\Users\acer\Downloads\booking-system\booking-system\booking-service\src\main\java\com\krushna\moviebooking\booking\exception\SeatNotAvailableException.java
[INFO] 	Input tree files (+): C:\Users\acer\Downloads\booking-system\booking-system\booking-service\src\main\java\com\krushna\moviebooking\booking\exception\SeatNotFoundException.java
[INFO] 	Input tree files (+): C:\Users\acer\Downloads\booking-system\booking-system\booking-service\src\main\java\com\krushna\moviebooking\booking\exception\SeatUnavailableException.java
[INFO] 	Input tree files (+): C:\Users\acer\Downloads\booking-system\booking-system\booking-service\src\main\java\com\krushna\moviebooking\booking\exception\ShowExpiredException.java
[INFO] 	Input tree files (+): C:\Users\acer\Downloads\booking-system\booking-system\booking-service\src\main\java\com\krushna\moviebooking\booking\exception\ShowInactiveException.java
[INFO] 	Input tree files (+): C:\Users\acer\Downloads\booking-system\booking-system\booking-service\src\main\java\com\krushna\moviebooking\booking\exception\ShowNotFoundException.java
[INFO] 	Input tree files (+): C:\Users\acer\Downloads\booking-system\booking-system\booking-service\src\main\java\com\krushna\moviebooking\booking\exception\UserInactiveException.java
[INFO] 	Input tree files (+): C:\Users\acer\Downloads\booking-system\booking-system\booking-service\src\main\java\com\krushna\moviebooking\booking\exception\UserNotAuthorizedException.java
[INFO] 	Input tree files (+): C:\Users\acer\Downloads\booking-system\booking-system\booking-service\src\main\java\com\krushna\moviebooking\booking\exception\UserNotFoundException.java
[INFO] 	Input tree files (+): C:\Users\acer\Downloads\booking-system\booking-system\booking-service\src\main\java\com\krushna\moviebooking\booking\idempotency\IdempotencyService.java
[INFO] 	Input tree files (+): C:\Users\acer\Downloads\booking-system\booking-system\booking-service\src\main\java\com\krushna\moviebooking\booking\idempotency\ProcessedEvent.java
[INFO] 	Input tree files (+): C:\Users\acer\Downloads\booking-system\booking-system\booking-service\src\main\java\com\krushna\moviebooking\booking\idempotency\ProcessedEventRepository.java
[INFO] 	Input tree files (+): C:\Users\acer\Downloads\booking-system\booking-system\booking-service\src\main\java\com\krushna\moviebooking\booking\mapper\BookingMapper.java
[INFO] 	Input tree files (+): C:\Users\acer\Downloads\booking-system\booking-system\booking-service\src\main\java\com\krushna\moviebooking\booking\mapper\BookingSeatMapper.java
[INFO] 	Input tree files (+): C:\Users\acer\Downloads\booking-system\booking-system\booking-service\src\main\java\com\krushna\moviebooking\booking\model\ApiResponseCompat.java
[INFO] 	Input tree files (+): C:\Users\acer\Downloads\booking-system\booking-system\booking-service\src\main\java\com\krushna\moviebooking\booking\model\PagedResponse.java
[INFO] 	Input tree files (+): C:\Users\acer\Downloads\booking-system\booking-system\booking-service\src\main\java\com\krushna\moviebooking\booking\model\PagedResponseCompat.java
[INFO] 	Input tree files (+): C:\Users\acer\Downloads\booking-system\booking-system\booking-service\src\main\java\com\krushna\moviebooking\booking\model\SeatLock.java
[INFO] 	Input tree files (+): C:\Users\acer\Downloads\booking-system\booking-system\booking-service\src\main\java\com\krushna\moviebooking\booking\outbox\OutboxEvent.java
[INFO] 	Input tree files (+): C:\Users\acer\Downloads\booking-system\booking-system\booking-service\src\main\java\com\krushna\moviebooking\booking\outbox\OutboxEventRepository.java
[INFO] 	Input tree files (+): C:\Users\acer\Downloads\booking-system\booking-system\booking-service\src\main\java\com\krushna\moviebooking\booking\outbox\OutboxEventService.java
[INFO] 	Input tree files (+): C:\Users\acer\Downloads\booking-system\booking-system\booking-service\src\main\java\com\krushna\moviebooking\booking\repository\BookingRepository.java
[INFO] 	Input tree files (+): C:\Users\acer\Downloads\booking-system\booking-system\booking-service\src\main\java\com\krushna\moviebooking\booking\repository\BookingSeatRepository.java
[INFO] 	Input tree files (+): C:\Users\acer\Downloads\booking-system\booking-system\booking-service\src\main\java\com\krushna\moviebooking\booking\repository\BookingSpecification.java
[INFO] 	Input tree files (+): C:\Users\acer\Downloads\booking-system\booking-system\booking-service\src\main\java\com\krushna\moviebooking\booking\repository\impl\RedisSeatLockRepositoryImpl.java
[INFO] 	Input tree files (+): C:\Users\acer\Downloads\booking-system\booking-system\booking-service\src\main\java\com\krushna\moviebooking\booking\repository\SeatLockRepository.java
[INFO] 	Input tree files (+): C:\Users\acer\Downloads\booking-system\booking-system\booking-service\src\main\java\com\krushna\moviebooking\booking\scheduler\BookingExpirationScheduler.java
[INFO] 	Input tree files (+): C:\Users\acer\Downloads\booking-system\booking-system\booking-service\src\main\java\com\krushna\moviebooking\booking\scheduler\ExpiredBookingProcessor.java
[INFO] 	Input tree files (+): C:\Users\acer\Downloads\booking-system\booking-system\booking-service\src\main\java\com\krushna\moviebooking\booking\scheduler\SeatLockCleanupScheduler.java
[INFO] 	Input tree files (+): C:\Users\acer\Downloads\booking-system\booking-system\booking-service\src\main\java\com\krushna\moviebooking\booking\scheduler\SeatLockScheduler.java
[INFO] 	Input tree files (+): C:\Users\acer\Downloads\booking-system\booking-system\booking-service\src\main\java\com\krushna\moviebooking\booking\service\BookingService.java
[INFO] 	Input tree files (+): C:\Users\acer\Downloads\booking-system\booking-system\booking-service\src\main\java\com\krushna\moviebooking\booking\service\impl\BookingServiceImpl.java
[INFO] 	Input tree files (+): C:\Users\acer\Downloads\booking-system\booking-system\booking-service\src\main\java\com\krushna\moviebooking\booking\service\impl\RedisSeatLockServiceImpl.java
[INFO] 	Input tree files (+): C:\Users\acer\Downloads\booking-system\booking-system\booking-service\src\main\java\com\krushna\moviebooking\booking\service\SeatLockService.java
[INFO] 	Input tree files (+): C:\Users\acer\Downloads\booking-system\booking-system\booking-service\src\main\java\com\krushna\moviebooking\booking\statemachine\BookingStateMachine.java
[INFO] 	Input tree files (+): C:\Users\acer\Downloads\booking-system\booking-system\booking-service\src\main\java\com\krushna\moviebooking\booking\statemachine\BookingStatus.java
[INFO] 	Input tree files (+): C:\Users\acer\Downloads\booking-system\booking-system\booking-service\src\main\java\com\krushna\moviebooking\booking\statemachine\BookingTransitionException.java
[INFO] 	Input tree files (+): C:\Users\acer\Downloads\booking-system\booking-system\booking-service\src\main\java\com\krushna\moviebooking\booking\statemachine\BookingTransitionRule.java
[INFO] 	Input tree files (+): C:\Users\acer\Downloads\booking-system\booking-system\booking-service\src\main\java\com\krushna\moviebooking\booking\statemachine\BookingTransitionValidator.java
[INFO] 	Input tree files (+): C:\Users\acer\Downloads\booking-system\booking-system\booking-service\src\main\java\com\krushna\moviebooking\booking\statemachine\BookingTransitionValidatorImpl.java
[INFO] 	Input tree files (+): C:\Users\acer\Downloads\booking-system\booking-system\booking-service\src\main\java\com\krushna\moviebooking\booking\validator\BookingValidationFacade.java
[INFO] 	Input tree files (+): C:\Users\acer\Downloads\booking-system\booking-system\booking-service\src\main\java\com\krushna\moviebooking\booking\validator\BookingValidator.java
[INFO] 	Input tree files (+): C:\Users\acer\Downloads\booking-system\booking-system\booking-service\src\main\java\com\krushna\moviebooking\booking\validator\impl\BookingValidationFacadeImpl.java
[INFO] 	Input tree files (+): C:\Users\acer\Downloads\booking-system\booking-system\booking-service\src\main\java\com\krushna\moviebooking\booking\validator\impl\BookingValidatorImpl.java
[INFO] 	Input tree files (+): C:\Users\acer\Downloads\booking-system\booking-system\booking-service\src\main\java\com\krushna\moviebooking\booking\validator\impl\SeatValidatorImpl.java
[INFO] 	Input tree files (+): C:\Users\acer\Downloads\booking-system\booking-system\booking-service\src\main\java\com\krushna\moviebooking\booking\validator\impl\ShowValidatorImpl.java
[INFO] 	Input tree files (+): C:\Users\acer\Downloads\booking-system\booking-system\booking-service\src\main\java\com\krushna\moviebooking\booking\validator\impl\UserValidatorImpl.java
[INFO] 	Input tree files (+): C:\Users\acer\Downloads\booking-system\booking-system\booking-service\src\main\java\com\krushna\moviebooking\booking\validator\LockOwnershipValidator.java
[INFO] 	Input tree files (+): C:\Users\acer\Downloads\booking-system\booking-system\booking-service\src\main\java\com\krushna\moviebooking\booking\validator\SeatValidator.java
[INFO] 	Input tree files (+): C:\Users\acer\Downloads\booking-system\booking-system\booking-service\src\main\java\com\krushna\moviebooking\booking\validator\ShowValidator.java
[INFO] 	Input tree files (+): C:\Users\acer\Downloads\booking-system\booking-system\booking-service\src\main\java\com\krushna\moviebooking\booking\validator\UserValidator.java
[INFO] Recompiling the module because of changed dependency.
[DEBUG] Classpath:
[DEBUG]  C:\Users\acer\Downloads\booking-system\booking-system\booking-service\target\classes
[DEBUG]  C:\Users\acer\Downloads\booking-system\booking-system\common\target\classes
[DEBUG]  C:\Users\acer\.m2\repository\io\jsonwebtoken\jjwt-api\0.12.6\jjwt-api-0.12.6.jar
[DEBUG]  C:\Users\acer\.m2\repository\org\mapstruct\mapstruct\1.6.3\mapstruct-1.6.3.jar
[DEBUG]  C:\Users\acer\.m2\repository\org\projectlombok\lombok\1.18.38\lombok-1.18.38.jar
[DEBUG]  C:\Users\acer\.m2\repository\org\springframework\boot\spring-boot-starter-web\4.1.0\spring-boot-starter-web-4.1.0.jar
[DEBUG]  C:\Users\acer\.m2\repository\org\springframework\boot\spring-boot-starter-jackson\4.1.0\spring-boot-starter-jackson-4.1.0.jar
[DEBUG]  C:\Users\acer\.m2\repository\org\springframework\boot\spring-boot-starter-tomcat\4.1.0\spring-boot-starter-tomcat-4.1.0.jar
[DEBUG]  C:\Users\acer\.m2\repository\org\springframework\boot\spring-boot-starter-tomcat-runtime\4.1.0\spring-boot-starter-tomcat-runtime-4.1.0.jar
[DEBUG]  C:\Users\acer\.m2\repository\org\springframework\boot\spring-boot-web-server\4.1.0\spring-boot-web-server-4.1.0.jar
[DEBUG]  C:\Users\acer\.m2\repository\org\apache\tomcat\embed\tomcat-embed-core\11.0.22\tomcat-embed-core-11.0.22.jar
[DEBUG]  C:\Users\acer\.m2\repository\org\apache\tomcat\embed\tomcat-embed-websocket\11.0.22\tomcat-embed-websocket-11.0.22.jar
[DEBUG]  C:\Users\acer\.m2\repository\org\springframework\boot\spring-boot-tomcat\4.1.0\spring-boot-tomcat-4.1.0.jar
[DEBUG]  C:\Users\acer\.m2\repository\org\springframework\boot\spring-boot-http-converter\4.1.0\spring-boot-http-converter-4.1.0.jar
[DEBUG]  C:\Users\acer\.m2\repository\org\springframework\boot\spring-boot\4.1.0\spring-boot-4.1.0.jar
[DEBUG]  C:\Users\acer\.m2\repository\org\springframework\spring-web\7.0.8\spring-web-7.0.8.jar
[DEBUG]  C:\Users\acer\.m2\repository\org\springframework\boot\spring-boot-webmvc\4.1.0\spring-boot-webmvc-4.1.0.jar
[DEBUG]  C:\Users\acer\.m2\repository\org\springframework\boot\spring-boot-servlet\4.1.0\spring-boot-servlet-4.1.0.jar
[DEBUG]  C:\Users\acer\.m2\repository\org\springframework\spring-webmvc\7.0.8\spring-webmvc-7.0.8.jar
[DEBUG]  C:\Users\acer\.m2\repository\org\springframework\boot\spring-boot-starter-json\4.1.0\spring-boot-starter-json-4.1.0.jar
[DEBUG]  C:\Users\acer\.m2\repository\org\springframework\boot\spring-boot-jackson\4.1.0\spring-boot-jackson-4.1.0.jar
[DEBUG]  C:\Users\acer\.m2\repository\com\fasterxml\jackson\core\jackson-databind\2.21.4\jackson-databind-2.21.4.jar
[DEBUG]  C:\Users\acer\.m2\repository\com\fasterxml\jackson\core\jackson-annotations\2.21\jackson-annotations-2.21.jar
[DEBUG]  C:\Users\acer\.m2\repository\com\fasterxml\jackson\core\jackson-core\2.21.4\jackson-core-2.21.4.jar
[DEBUG]  C:\Users\acer\.m2\repository\com\fasterxml\jackson\datatype\jackson-datatype-jsr310\2.21.4\jackson-datatype-jsr310-2.21.4.jar
[DEBUG]  C:\Users\acer\.m2\repository\org\springframework\boot\spring-boot-starter-data-jpa\4.1.0\spring-boot-starter-data-jpa-4.1.0.jar
[DEBUG]  C:\Users\acer\.m2\repository\org\springframework\boot\spring-boot-starter-jdbc\4.1.0\spring-boot-starter-jdbc-4.1.0.jar
[DEBUG]  C:\Users\acer\.m2\repository\com\zaxxer\HikariCP\7.0.2\HikariCP-7.0.2.jar
[DEBUG]  C:\Users\acer\.m2\repository\org\springframework\boot\spring-boot-data-jpa\4.1.0\spring-boot-data-jpa-4.1.0.jar
[DEBUG]  C:\Users\acer\.m2\repository\org\springframework\boot\spring-boot-data-commons\4.1.0\spring-boot-data-commons-4.1.0.jar
[DEBUG]  C:\Users\acer\.m2\repository\org\springframework\boot\spring-boot-persistence\4.1.0\spring-boot-persistence-4.1.0.jar
[DEBUG]  C:\Users\acer\.m2\repository\org\springframework\data\spring-data-commons\4.1.0\spring-data-commons-4.1.0.jar
[DEBUG]  C:\Users\acer\.m2\repository\org\springframework\boot\spring-boot-hibernate\4.1.0\spring-boot-hibernate-4.1.0.jar
[DEBUG]  C:\Users\acer\.m2\repository\org\springframework\boot\spring-boot-jpa\4.1.0\spring-boot-jpa-4.1.0.jar
[DEBUG]  C:\Users\acer\.m2\repository\jakarta\persistence\jakarta.persistence-api\3.2.0\jakarta.persistence-api-3.2.0.jar
[DEBUG]  C:\Users\acer\.m2\repository\org\hibernate\orm\hibernate-core\7.4.1.Final\hibernate-core-7.4.1.Final.jar
[DEBUG]  C:\Users\acer\.m2\repository\jakarta\transaction\jakarta.transaction-api\2.0.1\jakarta.transaction-api-2.0.1.jar
[DEBUG]  C:\Users\acer\.m2\repository\org\springframework\spring-orm\7.0.8\spring-orm-7.0.8.jar
[DEBUG]  C:\Users\acer\.m2\repository\org\springframework\data\spring-data-jpa\4.1.0\spring-data-jpa-4.1.0.jar
[DEBUG]  C:\Users\acer\.m2\repository\org\antlr\antlr4-runtime\4.13.2\antlr4-runtime-4.13.2.jar
[DEBUG]  C:\Users\acer\.m2\repository\org\springframework\boot\spring-boot-jdbc\4.1.0\spring-boot-jdbc-4.1.0.jar
[DEBUG]  C:\Users\acer\.m2\repository\org\springframework\boot\spring-boot-sql\4.1.0\spring-boot-sql-4.1.0.jar
[DEBUG]  C:\Users\acer\.m2\repository\org\springframework\boot\spring-boot-transaction\4.1.0\spring-boot-transaction-4.1.0.jar
[DEBUG]  C:\Users\acer\.m2\repository\org\springframework\spring-jdbc\7.0.8\spring-jdbc-7.0.8.jar
[DEBUG]  C:\Users\acer\.m2\repository\org\springframework\boot\spring-boot-starter-validation\4.1.0\spring-boot-starter-validation-4.1.0.jar
[DEBUG]  C:\Users\acer\.m2\repository\org\springframework\boot\spring-boot-validation\4.1.0\spring-boot-validation-4.1.0.jar
[DEBUG]  C:\Users\acer\.m2\repository\org\apache\tomcat\embed\tomcat-embed-el\11.0.22\tomcat-embed-el-11.0.22.jar
[DEBUG]  C:\Users\acer\.m2\repository\org\hibernate\validator\hibernate-validator\9.1.0.Final\hibernate-validator-9.1.0.Final.jar
[DEBUG]  C:\Users\acer\.m2\repository\jakarta\validation\jakarta.validation-api\3.1.1\jakarta.validation-api-3.1.1.jar
[DEBUG]  C:\Users\acer\.m2\repository\org\jboss\logging\jboss-logging\3.6.3.Final\jboss-logging-3.6.3.Final.jar
[DEBUG]  C:\Users\acer\.m2\repository\com\fasterxml\classmate\1.7.3\classmate-1.7.3.jar
[DEBUG]  C:\Users\acer\.m2\repository\org\springframework\boot\spring-boot-starter-security\4.1.0\spring-boot-starter-security-4.1.0.jar
[DEBUG]  C:\Users\acer\.m2\repository\org\springframework\boot\spring-boot-security\4.1.0\spring-boot-security-4.1.0.jar
[DEBUG]  C:\Users\acer\.m2\repository\org\springframework\security\spring-security-config\7.1.0\spring-security-config-7.1.0.jar
[DEBUG]  C:\Users\acer\.m2\repository\org\springframework\security\spring-security-core\7.1.0\spring-security-core-7.1.0.jar
[DEBUG]  C:\Users\acer\.m2\repository\org\springframework\security\spring-security-crypto\7.1.0\spring-security-crypto-7.1.0.jar
[DEBUG]  C:\Users\acer\.m2\repository\org\springframework\security\spring-security-web\7.1.0\spring-security-web-7.1.0.jar
[DEBUG]  C:\Users\acer\.m2\repository\org\springframework\spring-aop\7.0.8\spring-aop-7.0.8.jar
[DEBUG]  C:\Users\acer\.m2\repository\org\springframework\spring-beans\7.0.8\spring-beans-7.0.8.jar
[DEBUG]  C:\Users\acer\.m2\repository\org\springframework\boot\spring-boot-starter-actuator\4.1.0\spring-boot-starter-actuator-4.1.0.jar
[DEBUG]  C:\Users\acer\.m2\repository\org\springframework\boot\spring-boot-starter-micrometer-metrics\4.1.0\spring-boot-starter-micrometer-metrics-4.1.0.jar
[DEBUG]  C:\Users\acer\.m2\repository\org\springframework\boot\spring-boot-micrometer-metrics\4.1.0\spring-boot-micrometer-metrics-4.1.0.jar
[DEBUG]  C:\Users\acer\.m2\repository\org\springframework\boot\spring-boot-micrometer-observation\4.1.0\spring-boot-micrometer-observation-4.1.0.jar
[DEBUG]  C:\Users\acer\.m2\repository\org\springframework\boot\spring-boot-actuator-autoconfigure\4.1.0\spring-boot-actuator-autoconfigure-4.1.0.jar
[DEBUG]  C:\Users\acer\.m2\repository\org\springframework\boot\spring-boot-actuator\4.1.0\spring-boot-actuator-4.1.0.jar
[DEBUG]  C:\Users\acer\.m2\repository\org\springframework\boot\spring-boot-health\4.1.0\spring-boot-health-4.1.0.jar
[DEBUG]  C:\Users\acer\.m2\repository\io\micrometer\micrometer-observation\1.17.0\micrometer-observation-1.17.0.jar
[DEBUG]  C:\Users\acer\.m2\repository\org\jspecify\jspecify\1.0.0\jspecify-1.0.0.jar
[DEBUG]  C:\Users\acer\.m2\repository\io\micrometer\micrometer-commons\1.17.0\micrometer-commons-1.17.0.jar
[DEBUG]  C:\Users\acer\.m2\repository\io\micrometer\micrometer-jakarta9\1.17.0\micrometer-jakarta9-1.17.0.jar
[DEBUG]  C:\Users\acer\.m2\repository\io\micrometer\micrometer-core\1.17.0\micrometer-core-1.17.0.jar
[DEBUG]  C:\Users\acer\.m2\repository\org\springframework\boot\spring-boot-starter-data-redis\4.1.0\spring-boot-starter-data-redis-4.1.0.jar
[DEBUG]  C:\Users\acer\.m2\repository\org\springframework\boot\spring-boot-data-redis\4.1.0\spring-boot-data-redis-4.1.0.jar
[DEBUG]  C:\Users\acer\.m2\repository\io\lettuce\lettuce-core\7.5.2.RELEASE\lettuce-core-7.5.2.RELEASE.jar
[DEBUG]  C:\Users\acer\.m2\repository\redis\clients\authentication\redis-authx-core\0.1.1-beta2\redis-authx-core-0.1.1-beta2.jar
[DEBUG]  C:\Users\acer\.m2\repository\io\netty\netty-common\4.2.15.Final\netty-common-4.2.15.Final.jar
[DEBUG]  C:\Users\acer\.m2\repository\io\netty\netty-handler\4.2.15.Final\netty-handler-4.2.15.Final.jar
[DEBUG]  C:\Users\acer\.m2\repository\io\netty\netty-resolver\4.2.15.Final\netty-resolver-4.2.15.Final.jar
[DEBUG]  C:\Users\acer\.m2\repository\io\netty\netty-buffer\4.2.15.Final\netty-buffer-4.2.15.Final.jar
[DEBUG]  C:\Users\acer\.m2\repository\io\netty\netty-transport-native-unix-common\4.2.15.Final\netty-transport-native-unix-common-4.2.15.Final.jar
[DEBUG]  C:\Users\acer\.m2\repository\io\netty\netty-codec-base\4.2.15.Final\netty-codec-base-4.2.15.Final.jar
[DEBUG]  C:\Users\acer\.m2\repository\io\netty\netty-transport\4.2.15.Final\netty-transport-4.2.15.Final.jar
[DEBUG]  C:\Users\acer\.m2\repository\io\projectreactor\reactor-core\3.8.6\reactor-core-3.8.6.jar
[DEBUG]  C:\Users\acer\.m2\repository\org\reactivestreams\reactive-streams\1.0.4\reactive-streams-1.0.4.jar
[DEBUG]  C:\Users\acer\.m2\repository\io\netty\netty-resolver-dns\4.2.15.Final\netty-resolver-dns-4.2.15.Final.jar
[DEBUG]  C:\Users\acer\.m2\repository\io\netty\netty-codec-dns\4.2.15.Final\netty-codec-dns-4.2.15.Final.jar
[DEBUG]  C:\Users\acer\.m2\repository\org\springframework\data\spring-data-redis\4.1.0\spring-data-redis-4.1.0.jar
[DEBUG]  C:\Users\acer\.m2\repository\org\springframework\data\spring-data-keyvalue\4.1.0\spring-data-keyvalue-4.1.0.jar
[DEBUG]  C:\Users\acer\.m2\repository\org\springframework\spring-oxm\7.0.8\spring-oxm-7.0.8.jar
[DEBUG]  C:\Users\acer\.m2\repository\org\springframework\spring-context-support\7.0.8\spring-context-support-7.0.8.jar
[DEBUG]  C:\Users\acer\.m2\repository\org\springframework\spring-messaging\7.0.8\spring-messaging-7.0.8.jar
[DEBUG]  C:\Users\acer\.m2\repository\org\springframework\kafka\spring-kafka\4.1.0\spring-kafka-4.1.0.jar
[DEBUG]  C:\Users\acer\.m2\repository\org\springframework\spring-context\7.0.8\spring-context-7.0.8.jar
[DEBUG]  C:\Users\acer\.m2\repository\org\springframework\spring-expression\7.0.8\spring-expression-7.0.8.jar
[DEBUG]  C:\Users\acer\.m2\repository\org\springframework\spring-tx\7.0.8\spring-tx-7.0.8.jar
[DEBUG]  C:\Users\acer\.m2\repository\org\apache\kafka\kafka-clients\4.2.1\kafka-clients-4.2.1.jar
[DEBUG]  C:\Users\acer\.m2\repository\org\springframework\retry\spring-retry\2.0.12\spring-retry-2.0.12.jar
[DEBUG]  C:\Users\acer\.m2\repository\org\springframework\spring-aspects\7.0.8\spring-aspects-7.0.8.jar
[DEBUG]  C:\Users\acer\.m2\repository\org\aspectj\aspectjweaver\1.9.25.1\aspectjweaver-1.9.25.1.jar
[DEBUG]  C:\Users\acer\.m2\repository\org\flywaydb\flyway-core\12.4.0\flyway-core-12.4.0.jar
[DEBUG]  C:\Users\acer\.m2\repository\tools\jackson\core\jackson-databind\3.1.4\jackson-databind-3.1.4.jar
[DEBUG]  C:\Users\acer\.m2\repository\tools\jackson\core\jackson-core\3.1.4\jackson-core-3.1.4.jar
[DEBUG]  C:\Users\acer\.m2\repository\org\slf4j\slf4j-api\2.0.18\slf4j-api-2.0.18.jar
[DEBUG]  C:\Users\acer\.m2\repository\org\springdoc\springdoc-openapi-starter-webmvc-ui\2.8.9\springdoc-openapi-starter-webmvc-ui-2.8.9.jar
[DEBUG]  C:\Users\acer\.m2\repository\org\springdoc\springdoc-openapi-starter-webmvc-api\2.8.9\springdoc-openapi-starter-webmvc-api-2.8.9.jar
[DEBUG]  C:\Users\acer\.m2\repository\org\springdoc\springdoc-openapi-starter-common\2.8.9\springdoc-openapi-starter-common-2.8.9.jar
[DEBUG]  C:\Users\acer\.m2\repository\io\swagger\core\v3\swagger-core-jakarta\2.2.30\swagger-core-jakarta-2.2.30.jar
[DEBUG]  C:\Users\acer\.m2\repository\org\apache\commons\commons-lang3\3.20.0\commons-lang3-3.20.0.jar
[DEBUG]  C:\Users\acer\.m2\repository\io\swagger\core\v3\swagger-annotations-jakarta\2.2.30\swagger-annotations-jakarta-2.2.30.jar
[DEBUG]  C:\Users\acer\.m2\repository\io\swagger\core\v3\swagger-models-jakarta\2.2.30\swagger-models-jakarta-2.2.30.jar
[DEBUG]  C:\Users\acer\.m2\repository\com\fasterxml\jackson\dataformat\jackson-dataformat-yaml\2.21.4\jackson-dataformat-yaml-2.21.4.jar
[DEBUG]  C:\Users\acer\.m2\repository\org\webjars\swagger-ui\5.21.0\swagger-ui-5.21.0.jar
[DEBUG]  C:\Users\acer\.m2\repository\org\webjars\webjars-locator-lite\1.1.3\webjars-locator-lite-1.1.3.jar
[DEBUG]  C:\Users\acer\.m2\repository\org\springframework\boot\spring-boot-starter\4.1.0\spring-boot-starter-4.1.0.jar
[DEBUG]  C:\Users\acer\.m2\repository\org\springframework\boot\spring-boot-starter-logging\4.1.0\spring-boot-starter-logging-4.1.0.jar
[DEBUG]  C:\Users\acer\.m2\repository\ch\qos\logback\logback-classic\1.5.34\logback-classic-1.5.34.jar
[DEBUG]  C:\Users\acer\.m2\repository\ch\qos\logback\logback-core\1.5.34\logback-core-1.5.34.jar
[DEBUG]  C:\Users\acer\.m2\repository\org\apache\logging\log4j\log4j-to-slf4j\2.25.4\log4j-to-slf4j-2.25.4.jar
[DEBUG]  C:\Users\acer\.m2\repository\org\apache\logging\log4j\log4j-api\2.25.4\log4j-api-2.25.4.jar
[DEBUG]  C:\Users\acer\.m2\repository\org\slf4j\jul-to-slf4j\2.0.18\jul-to-slf4j-2.0.18.jar
[DEBUG]  C:\Users\acer\.m2\repository\org\springframework\boot\spring-boot-autoconfigure\4.1.0\spring-boot-autoconfigure-4.1.0.jar
[DEBUG]  C:\Users\acer\.m2\repository\jakarta\annotation\jakarta.annotation-api\3.0.0\jakarta.annotation-api-3.0.0.jar
[DEBUG]  C:\Users\acer\.m2\repository\org\yaml\snakeyaml\2.6\snakeyaml-2.6.jar
[DEBUG]  C:\Users\acer\.m2\repository\jakarta\xml\bind\jakarta.xml.bind-api\4.0.5\jakarta.xml.bind-api-4.0.5.jar
[DEBUG]  C:\Users\acer\.m2\repository\jakarta\activation\jakarta.activation-api\2.1.4\jakarta.activation-api-2.1.4.jar
[DEBUG]  C:\Users\acer\.m2\repository\org\springframework\spring-core\7.0.8\spring-core-7.0.8.jar
[DEBUG]  C:\Users\acer\.m2\repository\commons-logging\commons-logging\1.3.6\commons-logging-1.3.6.jar
[DEBUG] Source roots:
[DEBUG]  C:\Users\acer\Downloads\booking-system\booking-system\booking-service\src\main\java
[DEBUG]  C:\Users\acer\Downloads\booking-system\booking-system\booking-service\target\generated-sources\annotations
[DEBUG] Command line options:
[DEBUG] -d C:\Users\acer\Downloads\booking-system\booking-system\booking-service\target\classes -classpath C:\Users\acer\Downloads\booking-system\booking-system\booking-service\target\classes;C:\Users\acer\Downloads\booking-system\booking-system\common\target\classes;C:\Users\acer\.m2\repository\io\jsonwebtoken\jjwt-api\0.12.6\jjwt-api-0.12.6.jar;C:\Users\acer\.m2\repository\org\mapstruct\mapstruct\1.6.3\mapstruct-1.6.3.jar;C:\Users\acer\.m2\repository\org\projectlombok\lombok\1.18.38\lombok-1.18.38.jar;C:\Users\acer\.m2\repository\org\springframework\boot\spring-boot-starter-web\4.1.0\spring-boot-starter-web-4.1.0.jar;C:\Users\acer\.m2\repository\org\springframework\boot\spring-boot-starter-jackson\4.1.0\spring-boot-starter-jackson-4.1.0.jar;C:\Users\acer\.m2\repository\org\springframework\boot\spring-boot-starter-tomcat\4.1.0\spring-boot-starter-tomcat-4.1.0.jar;C:\Users\acer\.m2\repository\org\springframework\boot\spring-boot-starter-tomcat-runtime\4.1.0\spring-boot-starter-tomcat-runtime-4.1.0.jar;C:\Users\acer\.m2\repository\org\springframework\boot\spring-boot-web-server\4.1.0\spring-boot-web-server-4.1.0.jar;C:\Users\acer\.m2\repository\org\apache\tomcat\embed\tomcat-embed-core\11.0.22\tomcat-embed-core-11.0.22.jar;C:\Users\acer\.m2\repository\org\apache\tomcat\embed\tomcat-embed-websocket\11.0.22\tomcat-embed-websocket-11.0.22.jar;C:\Users\acer\.m2\repository\org\springframework\boot\spring-boot-tomcat\4.1.0\spring-boot-tomcat-4.1.0.jar;C:\Users\acer\.m2\repository\org\springframework\boot\spring-boot-http-converter\4.1.0\spring-boot-http-converter-4.1.0.jar;C:\Users\acer\.m2\repository\org\springframework\boot\spring-boot\4.1.0\spring-boot-4.1.0.jar;C:\Users\acer\.m2\repository\org\springframework\spring-web\7.0.8\spring-web-7.0.8.jar;C:\Users\acer\.m2\repository\org\springframework\boot\spring-boot-webmvc\4.1.0\spring-boot-webmvc-4.1.0.jar;C:\Users\acer\.m2\repository\org\springframework\boot\spring-boot-servlet\4.1.0\spring-boot-servlet-4.1.0.jar;C:\Users\acer\.m2\repository\org\springframework\spring-webmvc\7.0.8\spring-webmvc-7.0.8.jar;C:\Users\acer\.m2\repository\org\springframework\boot\spring-boot-starter-json\4.1.0\spring-boot-starter-json-4.1.0.jar;C:\Users\acer\.m2\repository\org\springframework\boot\spring-boot-jackson\4.1.0\spring-boot-jackson-4.1.0.jar;C:\Users\acer\.m2\repository\com\fasterxml\jackson\core\jackson-databind\2.21.4\jackson-databind-2.21.4.jar;C:\Users\acer\.m2\repository\com\fasterxml\jackson\core\jackson-annotations\2.21\jackson-annotations-2.21.jar;C:\Users\acer\.m2\repository\com\fasterxml\jackson\core\jackson-core\2.21.4\jackson-core-2.21.4.jar;C:\Users\acer\.m2\repository\com\fasterxml\jackson\datatype\jackson-datatype-jsr310\2.21.4\jackson-datatype-jsr310-2.21.4.jar;C:\Users\acer\.m2\repository\org\springframework\boot\spring-boot-starter-data-jpa\4.1.0\spring-boot-starter-data-jpa-4.1.0.jar;C:\Users\acer\.m2\repository\org\springframework\boot\spring-boot-starter-jdbc\4.1.0\spring-boot-starter-jdbc-4.1.0.jar;C:\Users\acer\.m2\repository\com\zaxxer\HikariCP\7.0.2\HikariCP-7.0.2.jar;C:\Users\acer\.m2\repository\org\springframework\boot\spring-boot-data-jpa\4.1.0\spring-boot-data-jpa-4.1.0.jar;C:\Users\acer\.m2\repository\org\springframework\boot\spring-boot-data-commons\4.1.0\spring-boot-data-commons-4.1.0.jar;C:\Users\acer\.m2\repository\org\springframework\boot\spring-boot-persistence\4.1.0\spring-boot-persistence-4.1.0.jar;C:\Users\acer\.m2\repository\org\springframework\data\spring-data-commons\4.1.0\spring-data-commons-4.1.0.jar;C:\Users\acer\.m2\repository\org\springframework\boot\spring-boot-hibernate\4.1.0\spring-boot-hibernate-4.1.0.jar;C:\Users\acer\.m2\repository\org\springframework\boot\spring-boot-jpa\4.1.0\spring-boot-jpa-4.1.0.jar;C:\Users\acer\.m2\repository\jakarta\persistence\jakarta.persistence-api\3.2.0\jakarta.persistence-api-3.2.0.jar;C:\Users\acer\.m2\repository\org\hibernate\orm\hibernate-core\7.4.1.Final\hibernate-core-7.4.1.Final.jar;C:\Users\acer\.m2\repository\jakarta\transaction\jakarta.transaction-api\2.0.1\jakarta.transaction-api-2.0.1.jar;C:\Users\acer\.m2\repository\org\springframework\spring-orm\7.0.8\spring-orm-7.0.8.jar;C:\Users\acer\.m2\repository\org\springframework\data\spring-data-jpa\4.1.0\spring-data-jpa-4.1.0.jar;C:\Users\acer\.m2\repository\org\antlr\antlr4-runtime\4.13.2\antlr4-runtime-4.13.2.jar;C:\Users\acer\.m2\repository\org\springframework\boot\spring-boot-jdbc\4.1.0\spring-boot-jdbc-4.1.0.jar;C:\Users\acer\.m2\repository\org\springframework\boot\spring-boot-sql\4.1.0\spring-boot-sql-4.1.0.jar;C:\Users\acer\.m2\repository\org\springframework\boot\spring-boot-transaction\4.1.0\spring-boot-transaction-4.1.0.jar;C:\Users\acer\.m2\repository\org\springframework\spring-jdbc\7.0.8\spring-jdbc-7.0.8.jar;C:\Users\acer\.m2\repository\org\springframework\boot\spring-boot-starter-validation\4.1.0\spring-boot-starter-validation-4.1.0.jar;C:\Users\acer\.m2\repository\org\springframework\boot\spring-boot-validation\4.1.0\spring-boot-validation-4.1.0.jar;C:\Users\acer\.m2\repository\org\apache\tomcat\embed\tomcat-embed-el\11.0.22\tomcat-embed-el-11.0.22.jar;C:\Users\acer\.m2\repository\org\hibernate\validator\hibernate-validator\9.1.0.Final\hibernate-validator-9.1.0.Final.jar;C:\Users\acer\.m2\repository\jakarta\validation\jakarta.validation-api\3.1.1\jakarta.validation-api-3.1.1.jar;C:\Users\acer\.m2\repository\org\jboss\logging\jboss-logging\3.6.3.Final\jboss-logging-3.6.3.Final.jar;C:\Users\acer\.m2\repository\com\fasterxml\classmate\1.7.3\classmate-1.7.3.jar;C:\Users\acer\.m2\repository\org\springframework\boot\spring-boot-starter-security\4.1.0\spring-boot-starter-security-4.1.0.jar;C:\Users\acer\.m2\repository\org\springframework\boot\spring-boot-security\4.1.0\spring-boot-security-4.1.0.jar;C:\Users\acer\.m2\repository\org\springframework\security\spring-security-config\7.1.0\spring-security-config-7.1.0.jar;C:\Users\acer\.m2\repository\org\springframework\security\spring-security-core\7.1.0\spring-security-core-7.1.0.jar;C:\Users\acer\.m2\repository\org\springframework\security\spring-security-crypto\7.1.0\spring-security-crypto-7.1.0.jar;C:\Users\acer\.m2\repository\org\springframework\security\spring-security-web\7.1.0\spring-security-web-7.1.0.jar;C:\Users\acer\.m2\repository\org\springframework\spring-aop\7.0.8\spring-aop-7.0.8.jar;C:\Users\acer\.m2\repository\org\springframework\spring-beans\7.0.8\spring-beans-7.0.8.jar;C:\Users\acer\.m2\repository\org\springframework\boot\spring-boot-starter-actuator\4.1.0\spring-boot-starter-actuator-4.1.0.jar;C:\Users\acer\.m2\repository\org\springframework\boot\spring-boot-starter-micrometer-metrics\4.1.0\spring-boot-starter-micrometer-metrics-4.1.0.jar;C:\Users\acer\.m2\repository\org\springframework\boot\spring-boot-micrometer-metrics\4.1.0\spring-boot-micrometer-metrics-4.1.0.jar;C:\Users\acer\.m2\repository\org\springframework\boot\spring-boot-micrometer-observation\4.1.0\spring-boot-micrometer-observation-4.1.0.jar;C:\Users\acer\.m2\repository\org\springframework\boot\spring-boot-actuator-autoconfigure\4.1.0\spring-boot-actuator-autoconfigure-4.1.0.jar;C:\Users\acer\.m2\repository\org\springframework\boot\spring-boot-actuator\4.1.0\spring-boot-actuator-4.1.0.jar;C:\Users\acer\.m2\repository\org\springframework\boot\spring-boot-health\4.1.0\spring-boot-health-4.1.0.jar;C:\Users\acer\.m2\repository\io\micrometer\micrometer-observation\1.17.0\micrometer-observation-1.17.0.jar;C:\Users\acer\.m2\repository\org\jspecify\jspecify\1.0.0\jspecify-1.0.0.jar;C:\Users\acer\.m2\repository\io\micrometer\micrometer-commons\1.17.0\micrometer-commons-1.17.0.jar;C:\Users\acer\.m2\repository\io\micrometer\micrometer-jakarta9\1.17.0\micrometer-jakarta9-1.17.0.jar;C:\Users\acer\.m2\repository\io\micrometer\micrometer-core\1.17.0\micrometer-core-1.17.0.jar;C:\Users\acer\.m2\repository\org\springframework\boot\spring-boot-starter-data-redis\4.1.0\spring-boot-starter-data-redis-4.1.0.jar;C:\Users\acer\.m2\repository\org\springframework\boot\spring-boot-data-redis\4.1.0\spring-boot-data-redis-4.1.0.jar;C:\Users\acer\.m2\repository\io\lettuce\lettuce-core\7.5.2.RELEASE\lettuce-core-7.5.2.RELEASE.jar;C:\Users\acer\.m2\repository\redis\clients\authentication\redis-authx-core\0.1.1-beta2\redis-authx-core-0.1.1-beta2.jar;C:\Users\acer\.m2\repository\io\netty\netty-common\4.2.15.Final\netty-common-4.2.15.Final.jar;C:\Users\acer\.m2\repository\io\netty\netty-handler\4.2.15.Final\netty-handler-4.2.15.Final.jar;C:\Users\acer\.m2\repository\io\netty\netty-resolver\4.2.15.Final\netty-resolver-4.2.15.Final.jar;C:\Users\acer\.m2\repository\io\netty\netty-buffer\4.2.15.Final\netty-buffer-4.2.15.Final.jar;C:\Users\acer\.m2\repository\io\netty\netty-transport-native-unix-common\4.2.15.Final\netty-transport-native-unix-common-4.2.15.Final.jar;C:\Users\acer\.m2\repository\io\netty\netty-codec-base\4.2.15.Final\netty-codec-base-4.2.15.Final.jar;C:\Users\acer\.m2\repository\io\netty\netty-transport\4.2.15.Final\netty-transport-4.2.15.Final.jar;C:\Users\acer\.m2\repository\io\projectreactor\reactor-core\3.8.6\reactor-core-3.8.6.jar;C:\Users\acer\.m2\repository\org\reactivestreams\reactive-streams\1.0.4\reactive-streams-1.0.4.jar;C:\Users\acer\.m2\repository\io\netty\netty-resolver-dns\4.2.15.Final\netty-resolver-dns-4.2.15.Final.jar;C:\Users\acer\.m2\repository\io\netty\netty-codec-dns\4.2.15.Final\netty-codec-dns-4.2.15.Final.jar;C:\Users\acer\.m2\repository\org\springframework\data\spring-data-redis\4.1.0\spring-data-redis-4.1.0.jar;C:\Users\acer\.m2\repository\org\springframework\data\spring-data-keyvalue\4.1.0\spring-data-keyvalue-4.1.0.jar;C:\Users\acer\.m2\repository\org\springframework\spring-oxm\7.0.8\spring-oxm-7.0.8.jar;C:\Users\acer\.m2\repository\org\springframework\spring-context-support\7.0.8\spring-context-support-7.0.8.jar;C:\Users\acer\.m2\repository\org\springframework\spring-messaging\7.0.8\spring-messaging-7.0.8.jar;C:\Users\acer\.m2\repository\org\springframework\kafka\spring-kafka\4.1.0\spring-kafka-4.1.0.jar;C:\Users\acer\.m2\repository\org\springframework\spring-context\7.0.8\spring-context-7.0.8.jar;C:\Users\acer\.m2\repository\org\springframework\spring-expression\7.0.8\spring-expression-7.0.8.jar;C:\Users\acer\.m2\repository\org\springframework\spring-tx\7.0.8\spring-tx-7.0.8.jar;C:\Users\acer\.m2\repository\org\apache\kafka\kafka-clients\4.2.1\kafka-clients-4.2.1.jar;C:\Users\acer\.m2\repository\org\springframework\retry\spring-retry\2.0.12\spring-retry-2.0.12.jar;C:\Users\acer\.m2\repository\org\springframework\spring-aspects\7.0.8\spring-aspects-7.0.8.jar;C:\Users\acer\.m2\repository\org\aspectj\aspectjweaver\1.9.25.1\aspectjweaver-1.9.25.1.jar;C:\Users\acer\.m2\repository\org\flywaydb\flyway-core\12.4.0\flyway-core-12.4.0.jar;C:\Users\acer\.m2\repository\tools\jackson\core\jackson-databind\3.1.4\jackson-databind-3.1.4.jar;C:\Users\acer\.m2\repository\tools\jackson\core\jackson-core\3.1.4\jackson-core-3.1.4.jar;C:\Users\acer\.m2\repository\org\slf4j\slf4j-api\2.0.18\slf4j-api-2.0.18.jar;C:\Users\acer\.m2\repository\org\springdoc\springdoc-openapi-starter-webmvc-ui\2.8.9\springdoc-openapi-starter-webmvc-ui-2.8.9.jar;C:\Users\acer\.m2\repository\org\springdoc\springdoc-openapi-starter-webmvc-api\2.8.9\springdoc-openapi-starter-webmvc-api-2.8.9.jar;C:\Users\acer\.m2\repository\org\springdoc\springdoc-openapi-starter-common\2.8.9\springdoc-openapi-starter-common-2.8.9.jar;C:\Users\acer\.m2\repository\io\swagger\core\v3\swagger-core-jakarta\2.2.30\swagger-core-jakarta-2.2.30.jar;C:\Users\acer\.m2\repository\org\apache\commons\commons-lang3\3.20.0\commons-lang3-3.20.0.jar;C:\Users\acer\.m2\repository\io\swagger\core\v3\swagger-annotations-jakarta\2.2.30\swagger-annotations-jakarta-2.2.30.jar;C:\Users\acer\.m2\repository\io\swagger\core\v3\swagger-models-jakarta\2.2.30\swagger-models-jakarta-2.2.30.jar;C:\Users\acer\.m2\repository\com\fasterxml\jackson\dataformat\jackson-dataformat-yaml\2.21.4\jackson-dataformat-yaml-2.21.4.jar;C:\Users\acer\.m2\repository\org\webjars\swagger-ui\5.21.0\swagger-ui-5.21.0.jar;C:\Users\acer\.m2\repository\org\webjars\webjars-locator-lite\1.1.3\webjars-locator-lite-1.1.3.jar;C:\Users\acer\.m2\repository\org\springframework\boot\spring-boot-starter\4.1.0\spring-boot-starter-4.1.0.jar;C:\Users\acer\.m2\repository\org\springframework\boot\spring-boot-starter-logging\4.1.0\spring-boot-starter-logging-4.1.0.jar;C:\Users\acer\.m2\repository\ch\qos\logback\logback-classic\1.5.34\logback-classic-1.5.34.jar;C:\Users\acer\.m2\repository\ch\qos\logback\logback-core\1.5.34\logback-core-1.5.34.jar;C:\Users\acer\.m2\repository\org\apache\logging\log4j\log4j-to-slf4j\2.25.4\log4j-to-slf4j-2.25.4.jar;C:\Users\acer\.m2\repository\org\apache\logging\log4j\log4j-api\2.25.4\log4j-api-2.25.4.jar;C:\Users\acer\.m2\repository\org\slf4j\jul-to-slf4j\2.0.18\jul-to-slf4j-2.0.18.jar;C:\Users\acer\.m2\repository\org\springframework\boot\spring-boot-autoconfigure\4.1.0\spring-boot-autoconfigure-4.1.0.jar;C:\Users\acer\.m2\repository\jakarta\annotation\jakarta.annotation-api\3.0.0\jakarta.annotation-api-3.0.0.jar;C:\Users\acer\.m2\repository\org\yaml\snakeyaml\2.6\snakeyaml-2.6.jar;C:\Users\acer\.m2\repository\jakarta\xml\bind\jakarta.xml.bind-api\4.0.5\jakarta.xml.bind-api-4.0.5.jar;C:\Users\acer\.m2\repository\jakarta\activation\jakarta.activation-api\2.1.4\jakarta.activation-api-2.1.4.jar;C:\Users\acer\.m2\repository\org\springframework\spring-core\7.0.8\spring-core-7.0.8.jar;C:\Users\acer\.m2\repository\commons-logging\commons-logging\1.3.6\commons-logging-1.3.6.jar; -sourcepath C:\Users\acer\Downloads\booking-system\booking-system\booking-service\src\main\java;C:\Users\acer\Downloads\booking-system\booking-system\booking-service\target\generated-sources\annotations; -s C:\Users\acer\Downloads\booking-system\booking-system\booking-service\target\generated-sources\annotations -proc:full -processorpath C:\Users\acer\.m2\repository\org\projectlombok\lombok\1.18.38\lombok-1.18.38.jar;C:\Users\acer\.m2\repository\org\mapstruct\mapstruct-processor\1.6.3\mapstruct-processor-1.6.3.jar;C:\Users\acer\.m2\repository\org\projectlombok\lombok-mapstruct-binding\0.2.0\lombok-mapstruct-binding-0.2.0.jar; -g -parameters --release 21 -encoding UTF-8 -XDuseUnsharedTable=true
[DEBUG] incrementalBuildHelper#beforeRebuildExecution
[INFO] Compiling 99 source files with javac [debug parameters release 21] to target\classes
[DEBUG] incrementalBuildHelper#afterRebuildExecution
[INFO] -------------------------------------------------------------
[WARNING] COMPILATION WARNING : 
[INFO] -------------------------------------------------------------
[WARNING] /C:/Users/acer/Downloads/booking-system/booking-system/booking-service/src/main/java/com/krushna/moviebooking/booking/config/KafkaConfig.java:[107,71] org.springframework.kafka.support.serializer.JsonSerializer in org.springframework.kafka.support.serializer has been deprecated and marked for removal
[WARNING] /C:/Users/acer/Downloads/booking-system/booking-system/booking-service/src/main/java/com/krushna/moviebooking/booking/config/KafkaConfig.java:[112,9] org.springframework.kafka.support.serializer.JsonSerializer in org.springframework.kafka.support.serializer has been deprecated and marked for removal
[WARNING] /C:/Users/acer/Downloads/booking-system/booking-system/booking-service/src/main/java/com/krushna/moviebooking/booking/config/KafkaConfig.java:[112,53] org.springframework.kafka.support.serializer.JsonSerializer in org.springframework.kafka.support.serializer has been deprecated and marked for removal
[WARNING] /C:/Users/acer/Downloads/booking-system/booking-system/booking-service/src/main/java/com/krushna/moviebooking/booking/config/KafkaConfig.java:[136,9] org.springframework.kafka.support.serializer.JsonDeserializer in org.springframework.kafka.support.serializer has been deprecated and marked for removal
[WARNING] /C:/Users/acer/Downloads/booking-system/booking-system/booking-service/src/main/java/com/krushna/moviebooking/booking/config/KafkaConfig.java:[136,57] org.springframework.kafka.support.serializer.JsonDeserializer in org.springframework.kafka.support.serializer has been deprecated and marked for removal
[INFO] 5 warnings 
[INFO] -------------------------------------------------------------
[INFO] -------------------------------------------------------------
[ERROR] COMPILATION ERROR : 
[INFO] -------------------------------------------------------------
[ERROR] /C:/Users/acer/Downloads/booking-system/booking-system/booking-service/src/main/java/com/krushna/moviebooking/booking/model/PagedResponse.java:[9,14] class PagedResponseCompat is public, should be declared in a file named PagedResponseCompat.java
[ERROR] /C:/Users/acer/Downloads/booking-system/booking-system/booking-service/src/main/java/com/krushna/moviebooking/booking/model/PagedResponseCompat.java:[9,14] duplicate class: com.krushna.moviebooking.booking.model.PagedResponseCompat
[ERROR] /C:/Users/acer/Downloads/booking-system/booking-system/booking-service/src/main/java/com/krushna/moviebooking/booking/client/DefaultPaymentClient.java:[19,9] cannot find symbol
  symbol:   variable log
  location: class com.krushna.moviebooking.booking.client.DefaultPaymentClient
[ERROR] /C:/Users/acer/Downloads/booking-system/booking-system/booking-service/src/main/java/com/krushna/moviebooking/booking/client/DefaultPaymentClient.java:[25,41] cannot find symbol
  symbol:   method builder()
  location: class com.krushna.moviebooking.booking.dto.PaymentInitiationResponse
[ERROR] /C:/Users/acer/Downloads/booking-system/booking-system/booking-service/src/main/java/com/krushna/moviebooking/booking/client/DefaultShowClient.java:[23,9] cannot find symbol
  symbol:   variable log
  location: class com.krushna.moviebooking.booking.client.DefaultShowClient
[ERROR] /C:/Users/acer/Downloads/booking-system/booking-system/booking-service/src/main/java/com/krushna/moviebooking/booking/client/DefaultShowClient.java:[29,9] cannot find symbol
  symbol:   variable log
  location: class com.krushna.moviebooking.booking.client.DefaultShowClient
[ERROR] /C:/Users/acer/Downloads/booking-system/booking-system/booking-service/src/main/java/com/krushna/moviebooking/booking/client/DefaultShowClient.java:[47,9] cannot find symbol
  symbol:   variable log
  location: class com.krushna.moviebooking.booking.client.DefaultShowClient
[ERROR] /C:/Users/acer/Downloads/booking-system/booking-system/booking-service/src/main/java/com/krushna/moviebooking/booking/client/DefaultShowClient.java:[77,9] cannot find symbol
  symbol:   variable log
  location: class com.krushna.moviebooking.booking.client.DefaultShowClient
[ERROR] /C:/Users/acer/Downloads/booking-system/booking-system/booking-service/src/main/java/com/krushna/moviebooking/booking/client/DefaultUserClient.java:[19,9] cannot find symbol
  symbol:   variable log
  location: class com.krushna.moviebooking.booking.client.DefaultUserClient
[ERROR] /C:/Users/acer/Downloads/booking-system/booking-system/booking-service/src/main/java/com/krushna/moviebooking/booking/client/DefaultUserClient.java:[25,9] cannot find symbol
  symbol:   variable log
  location: class com.krushna.moviebooking.booking.client.DefaultUserClient
[ERROR] /C:/Users/acer/Downloads/booking-system/booking-system/booking-service/src/main/java/com/krushna/moviebooking/booking/controller/BookingAdminController.java:[50,9] cannot find symbol
  symbol:   variable log
  location: class com.krushna.moviebooking.booking.controller.BookingAdminController
[ERROR] /C:/Users/acer/Downloads/booking-system/booking-system/booking-service/src/main/java/com/krushna/moviebooking/booking/controller/BookingAdminController.java:[66,9] cannot find symbol
  symbol:   variable log
  location: class com.krushna.moviebooking.booking.controller.BookingAdminController
[ERROR] /C:/Users/acer/Downloads/booking-system/booking-system/booking-service/src/main/java/com/krushna/moviebooking/booking/controller/BookingAdminController.java:[85,9] cannot find symbol
  symbol:   variable log
  location: class com.krushna.moviebooking.booking.controller.BookingAdminController
[ERROR] /C:/Users/acer/Downloads/booking-system/booking-system/booking-service/src/main/java/com/krushna/moviebooking/booking/controller/BookingController.java:[51,9] cannot find symbol
  symbol:   variable log
  location: class com.krushna.moviebooking.booking.controller.BookingController
[ERROR] /C:/Users/acer/Downloads/booking-system/booking-system/booking-service/src/main/java/com/krushna/moviebooking/booking/controller/BookingController.java:[68,9] cannot find symbol
  symbol:   variable log
  location: class com.krushna.moviebooking.booking.controller.BookingController
[ERROR] /C:/Users/acer/Downloads/booking-system/booking-system/booking-service/src/main/java/com/krushna/moviebooking/booking/controller/BookingController.java:[82,9] cannot find symbol
  symbol:   variable log
  location: class com.krushna.moviebooking.booking.controller.BookingController
[ERROR] /C:/Users/acer/Downloads/booking-system/booking-system/booking-service/src/main/java/com/krushna/moviebooking/booking/controller/BookingController.java:[99,9] cannot find symbol
  symbol:   variable log
  location: class com.krushna.moviebooking.booking.controller.BookingController
[ERROR] /C:/Users/acer/Downloads/booking-system/booking-system/booking-service/src/main/java/com/krushna/moviebooking/booking/controller/BookingController.java:[114,9] cannot find symbol
  symbol:   variable log
  location: class com.krushna.moviebooking.booking.controller.BookingController
[ERROR] /C:/Users/acer/Downloads/booking-system/booking-system/booking-service/src/main/java/com/krushna/moviebooking/booking/controller/BookingController.java:[129,9] cannot find symbol
  symbol:   variable log
  location: class com.krushna.moviebooking.booking.controller.BookingController
[ERROR] /C:/Users/acer/Downloads/booking-system/booking-system/booking-service/src/main/java/com/krushna/moviebooking/booking/controller/BookingController.java:[144,9] cannot find symbol
  symbol:   variable log
  location: class com.krushna.moviebooking.booking.controller.BookingController
[ERROR] /C:/Users/acer/Downloads/booking-system/booking-system/booking-service/src/main/java/com/krushna/moviebooking/booking/controller/BookingController.java:[153,9] cannot find symbol
  symbol:   variable log
  location: class com.krushna.moviebooking.booking.controller.BookingController
[ERROR] /C:/Users/acer/Downloads/booking-system/booking-system/booking-service/src/main/java/com/krushna/moviebooking/booking/controller/BookingController.java:[164,9] cannot find symbol
  symbol:   variable log
  location: class com.krushna.moviebooking.booking.controller.BookingController
[ERROR] /C:/Users/acer/Downloads/booking-system/booking-system/booking-service/src/main/java/com/krushna/moviebooking/booking/controller/BookingController.java:[183,9] cannot find symbol
  symbol:   variable log
  location: class com.krushna.moviebooking.booking.controller.BookingController
[ERROR] /C:/Users/acer/Downloads/booking-system/booking-system/booking-service/src/main/java/com/krushna/moviebooking/booking/event/BookingEventConsumer.java:[29,9] cannot find symbol
  symbol:   variable log
  location: class com.krushna.moviebooking.booking.event.BookingEventConsumer
[ERROR] /C:/Users/acer/Downloads/booking-system/booking-system/booking-service/src/main/java/com/krushna/moviebooking/booking/event/BookingEventConsumer.java:[33,13] cannot find symbol
  symbol:   variable log
  location: class com.krushna.moviebooking.booking.event.BookingEventConsumer
[ERROR] /C:/Users/acer/Downloads/booking-system/booking-system/booking-service/src/main/java/com/krushna/moviebooking/booking/event/BookingEventConsumer.java:[37,9] cannot find symbol
  symbol:   variable log
  location: class com.krushna.moviebooking.booking.event.BookingEventConsumer
[ERROR] /C:/Users/acer/Downloads/booking-system/booking-system/booking-service/src/main/java/com/krushna/moviebooking/booking/event/BookingEventConsumer.java:[47,9] cannot find symbol
  symbol:   variable log
  location: class com.krushna.moviebooking.booking.event.BookingEventConsumer
[ERROR] /C:/Users/acer/Downloads/booking-system/booking-system/booking-service/src/main/java/com/krushna/moviebooking/booking/event/BookingEventConsumer.java:[51,13] cannot find symbol
  symbol:   variable log
  location: class com.krushna.moviebooking.booking.event.BookingEventConsumer
[ERROR] /C:/Users/acer/Downloads/booking-system/booking-system/booking-service/src/main/java/com/krushna/moviebooking/booking/event/BookingEventConsumer.java:[55,9] cannot find symbol
  symbol:   variable log
  location: class com.krushna.moviebooking.booking.event.BookingEventConsumer
[ERROR] /C:/Users/acer/Downloads/booking-system/booking-system/booking-service/src/main/java/com/krushna/moviebooking/booking/event/BookingEventConsumer.java:[65,9] cannot find symbol
  symbol:   variable log
  location: class com.krushna.moviebooking.booking.event.BookingEventConsumer
[ERROR] /C:/Users/acer/Downloads/booking-system/booking-system/booking-service/src/main/java/com/krushna/moviebooking/booking/event/BookingEventConsumer.java:[69,13] cannot find symbol
  symbol:   variable log
  location: class com.krushna.moviebooking.booking.event.BookingEventConsumer
[ERROR] /C:/Users/acer/Downloads/booking-system/booking-system/booking-service/src/main/java/com/krushna/moviebooking/booking/event/BookingEventConsumer.java:[73,9] cannot find symbol
  symbol:   variable log
  location: class com.krushna.moviebooking.booking.event.BookingEventConsumer
[ERROR] /C:/Users/acer/Downloads/booking-system/booking-system/booking-service/src/main/java/com/krushna/moviebooking/booking/event/BookingEventConsumer.java:[83,9] cannot find symbol
  symbol:   variable log
  location: class com.krushna.moviebooking.booking.event.BookingEventConsumer
[ERROR] /C:/Users/acer/Downloads/booking-system/booking-system/booking-service/src/main/java/com/krushna/moviebooking/booking/event/BookingEventConsumer.java:[87,13] cannot find symbol
  symbol:   variable log
  location: class com.krushna.moviebooking.booking.event.BookingEventConsumer
[ERROR] /C:/Users/acer/Downloads/booking-system/booking-system/booking-service/src/main/java/com/krushna/moviebooking/booking/event/BookingEventConsumer.java:[91,9] cannot find symbol
  symbol:   variable log
  location: class com.krushna.moviebooking.booking.event.BookingEventConsumer
[ERROR] /C:/Users/acer/Downloads/booking-system/booking-system/booking-service/src/main/java/com/krushna/moviebooking/booking/event/BookingEventConsumer.java:[107,9] cannot find symbol
  symbol:   variable log
  location: class com.krushna.moviebooking.booking.event.BookingEventConsumer
[ERROR] /C:/Users/acer/Downloads/booking-system/booking-system/booking-service/src/main/java/com/krushna/moviebooking/booking/idempotency/IdempotencyService.java:[28,13] cannot find symbol
  symbol:   variable log
  location: class com.krushna.moviebooking.booking.idempotency.IdempotencyService
[ERROR] /C:/Users/acer/Downloads/booking-system/booking-system/booking-service/src/main/java/com/krushna/moviebooking/booking/idempotency/IdempotencyService.java:[41,55] cannot find symbol
  symbol:   method builder()
  location: class com.krushna.moviebooking.booking.idempotency.ProcessedEvent
[ERROR] /C:/Users/acer/Downloads/booking-system/booking-system/booking-service/src/main/java/com/krushna/moviebooking/booking/idempotency/IdempotencyService.java:[47,9] cannot find symbol
  symbol:   variable log
  location: class com.krushna.moviebooking.booking.idempotency.IdempotencyService
[ERROR] /C:/Users/acer/Downloads/booking-system/booking-system/booking-service/src/main/java/com/krushna/moviebooking/booking/event/KafkaBookingEventPublisher.java:[27,9] cannot find symbol
  symbol:   variable log
  location: class com.krushna.moviebooking.booking.event.KafkaBookingEventPublisher
[ERROR] /C:/Users/acer/Downloads/booking-system/booking-system/booking-service/src/main/java/com/krushna/moviebooking/booking/event/KafkaBookingEventPublisher.java:[35,9] cannot find symbol
  symbol:   variable log
  location: class com.krushna.moviebooking.booking.event.KafkaBookingEventPublisher
[ERROR] /C:/Users/acer/Downloads/booking-system/booking-system/booking-service/src/main/java/com/krushna/moviebooking/booking/event/KafkaBookingEventPublisher.java:[43,9] cannot find symbol
  symbol:   variable log
  location: class com.krushna.moviebooking.booking.event.KafkaBookingEventPublisher
[ERROR] /C:/Users/acer/Downloads/booking-system/booking-system/booking-service/src/main/java/com/krushna/moviebooking/booking/event/KafkaBookingEventPublisher.java:[51,9] cannot find symbol
  symbol:   variable log
  location: class com.krushna.moviebooking.booking.event.KafkaBookingEventPublisher
[ERROR] /C:/Users/acer/Downloads/booking-system/booking-system/booking-service/src/main/java/com/krushna/moviebooking/booking/event/KafkaBookingEventPublisher.java:[59,9] cannot find symbol
  symbol:   variable log
  location: class com.krushna.moviebooking.booking.event.KafkaBookingEventPublisher
[ERROR] /C:/Users/acer/Downloads/booking-system/booking-system/booking-service/src/main/java/com/krushna/moviebooking/booking/event/KafkaBookingEventPublisher.java:[77,21] cannot find symbol
  symbol:   variable log
  location: class com.krushna.moviebooking.booking.event.KafkaBookingEventPublisher
[ERROR] /C:/Users/acer/Downloads/booking-system/booking-system/booking-service/src/main/java/com/krushna/moviebooking/booking/event/KafkaBookingEventPublisher.java:[80,21] cannot find symbol
  symbol:   variable log
  location: class com.krushna.moviebooking.booking.event.KafkaBookingEventPublisher
[ERROR] /C:/Users/acer/Downloads/booking-system/booking-system/booking-service/src/main/java/com/krushna/moviebooking/booking/event/KafkaBookingEventPublisher.java:[85,13] cannot find symbol
  symbol:   variable log
  location: class com.krushna.moviebooking.booking.event.KafkaBookingEventPublisher
[ERROR] /C:/Users/acer/Downloads/booking-system/booking-system/booking-service/src/main/java/com/krushna/moviebooking/booking/outbox/OutboxEventService.java:[27,50] cannot find symbol
  symbol:   method builder()
  location: class com.krushna.moviebooking.booking.outbox.OutboxEvent
[ERROR] /C:/Users/acer/Downloads/booking-system/booking-system/booking-service/src/main/java/com/krushna/moviebooking/booking/outbox/OutboxEventService.java:[36,13] cannot find symbol
  symbol:   variable log
  location: class com.krushna.moviebooking.booking.outbox.OutboxEventService
[ERROR] /C:/Users/acer/Downloads/booking-system/booking-system/booking-service/src/main/java/com/krushna/moviebooking/booking/outbox/OutboxEventService.java:[37,26] cannot find symbol
  symbol:   method getId()
  location: variable saved of type com.krushna.moviebooking.booking.outbox.OutboxEvent
[ERROR] /C:/Users/acer/Downloads/booking-system/booking-system/booking-service/src/main/java/com/krushna/moviebooking/booking/outbox/OutboxEventService.java:[40,13] cannot find symbol
  symbol:   variable log
  location: class com.krushna.moviebooking.booking.outbox.OutboxEventService
[ERROR] /C:/Users/acer/Downloads/booking-system/booking-system/booking-service/src/main/java/com/krushna/moviebooking/booking/outbox/OutboxEventService.java:[52,20] cannot find symbol
  symbol:   method setStatus(java.lang.String)
  location: variable outboxEvent of type com.krushna.moviebooking.booking.outbox.OutboxEvent
[ERROR] /C:/Users/acer/Downloads/booking-system/booking-system/booking-service/src/main/java/com/krushna/moviebooking/booking/outbox/OutboxEventService.java:[53,20] cannot find symbol
  symbol:   method setProcessedAt(java.time.Instant)
  location: variable outboxEvent of type com.krushna.moviebooking.booking.outbox.OutboxEvent
[ERROR] /C:/Users/acer/Downloads/booking-system/booking-system/booking-service/src/main/java/com/krushna/moviebooking/booking/outbox/OutboxEventService.java:[55,9] cannot find symbol
  symbol:   variable log
  location: class com.krushna.moviebooking.booking.outbox.OutboxEventService
[ERROR] /C:/Users/acer/Downloads/booking-system/booking-system/booking-service/src/main/java/com/krushna/moviebooking/booking/outbox/OutboxEventService.java:[55,89] cannot find symbol
  symbol:   method getId()
  location: variable outboxEvent of type com.krushna.moviebooking.booking.outbox.OutboxEvent
[ERROR] /C:/Users/acer/Downloads/booking-system/booking-system/booking-service/src/main/java/com/krushna/moviebooking/booking/outbox/OutboxEventService.java:[60,20] cannot find symbol
  symbol:   method setStatus(java.lang.String)
  location: variable outboxEvent of type com.krushna.moviebooking.booking.outbox.OutboxEvent
[ERROR] /C:/Users/acer/Downloads/booking-system/booking-system/booking-service/src/main/java/com/krushna/moviebooking/booking/outbox/OutboxEventService.java:[61,46] cannot find symbol
  symbol:   method getRetryCount()
  location: variable outboxEvent of type com.krushna.moviebooking.booking.outbox.OutboxEvent
[ERROR] /C:/Users/acer/Downloads/booking-system/booking-system/booking-service/src/main/java/com/krushna/moviebooking/booking/outbox/OutboxEventService.java:[62,20] cannot find symbol
  symbol:   method setErrorMessage(java.lang.String)
  location: variable outboxEvent of type com.krushna.moviebooking.booking.outbox.OutboxEvent
[ERROR] /C:/Users/acer/Downloads/booking-system/booking-system/booking-service/src/main/java/com/krushna/moviebooking/booking/outbox/OutboxEventService.java:[64,9] cannot find symbol
  symbol:   variable log
  location: class com.krushna.moviebooking.booking.outbox.OutboxEventService
[ERROR] /C:/Users/acer/Downloads/booking-system/booking-system/booking-service/src/main/java/com/krushna/moviebooking/booking/outbox/OutboxEventService.java:[64,96] cannot find symbol
  symbol:   method getId()
  location: variable outboxEvent of type com.krushna.moviebooking.booking.outbox.OutboxEvent
[ERROR] /C:/Users/acer/Downloads/booking-system/booking-system/booking-service/src/main/java/com/krushna/moviebooking/booking/exception/BookingExceptionHandler.java:[29,9] cannot find symbol
  symbol:   variable log
  location: class com.krushna.moviebooking.booking.exception.BookingExceptionHandler
[ERROR] /C:/Users/acer/Downloads/booking-system/booking-system/booking-service/src/main/java/com/krushna/moviebooking/booking/exception/BookingExceptionHandler.java:[35,9] cannot find symbol
  symbol:   variable log
  location: class com.krushna.moviebooking.booking.exception.BookingExceptionHandler
[ERROR] /C:/Users/acer/Downloads/booking-system/booking-system/booking-service/src/main/java/com/krushna/moviebooking/booking/exception/BookingExceptionHandler.java:[41,9] cannot find symbol
  symbol:   variable log
  location: class com.krushna.moviebooking.booking.exception.BookingExceptionHandler
[ERROR] /C:/Users/acer/Downloads/booking-system/booking-system/booking-service/src/main/java/com/krushna/moviebooking/booking/exception/BookingExceptionHandler.java:[47,9] cannot find symbol
  symbol:   variable log
  location: class com.krushna.moviebooking.booking.exception.BookingExceptionHandler
[ERROR] /C:/Users/acer/Downloads/booking-system/booking-system/booking-service/src/main/java/com/krushna/moviebooking/booking/exception/BookingExceptionHandler.java:[53,9] cannot find symbol
  symbol:   variable log
  location: class com.krushna.moviebooking.booking.exception.BookingExceptionHandler
[ERROR] /C:/Users/acer/Downloads/booking-system/booking-system/booking-service/src/main/java/com/krushna/moviebooking/booking/exception/BookingExceptionHandler.java:[59,9] cannot find symbol
  symbol:   variable log
  location: class com.krushna.moviebooking.booking.exception.BookingExceptionHandler
[ERROR] /C:/Users/acer/Downloads/booking-system/booking-system/booking-service/src/main/java/com/krushna/moviebooking/booking/exception/BookingExceptionHandler.java:[65,9] cannot find symbol
  symbol:   variable log
  location: class com.krushna.moviebooking.booking.exception.BookingExceptionHandler
[ERROR] /C:/Users/acer/Downloads/booking-system/booking-system/booking-service/src/main/java/com/krushna/moviebooking/booking/exception/BookingExceptionHandler.java:[71,9] cannot find symbol
  symbol:   variable log
  location: class com.krushna.moviebooking.booking.exception.BookingExceptionHandler
[ERROR] /C:/Users/acer/Downloads/booking-system/booking-system/booking-service/src/main/java/com/krushna/moviebooking/booking/exception/BookingExceptionHandler.java:[77,9] cannot find symbol
  symbol:   variable log
  location: class com.krushna.moviebooking.booking.exception.BookingExceptionHandler
[ERROR] /C:/Users/acer/Downloads/booking-system/booking-system/booking-service/src/main/java/com/krushna/moviebooking/booking/exception/BookingExceptionHandler.java:[83,9] cannot find symbol
  symbol:   variable log
  location: class com.krushna.moviebooking.booking.exception.BookingExceptionHandler
[ERROR] /C:/Users/acer/Downloads/booking-system/booking-system/booking-service/src/main/java/com/krushna/moviebooking/booking/exception/BookingExceptionHandler.java:[93,9] cannot find symbol
  symbol:   variable log
  location: class com.krushna.moviebooking.booking.exception.BookingExceptionHandler
[ERROR] /C:/Users/acer/Downloads/booking-system/booking-system/booking-service/src/main/java/com/krushna/moviebooking/booking/exception/BookingExceptionHandler.java:[108,9] cannot find symbol
  symbol:   variable log
  location: class com.krushna.moviebooking.booking.exception.BookingExceptionHandler
[ERROR] /C:/Users/acer/Downloads/booking-system/booking-system/booking-service/src/main/java/com/krushna/moviebooking/booking/mapper/BookingMapper.java:[31,23] cannot find symbol
  symbol:   method getBookingSeats()
  location: variable booking of type com.krushna.moviebooking.booking.entity.Booking
[ERROR] /C:/Users/acer/Downloads/booking-system/booking-system/booking-service/src/main/java/com/krushna/moviebooking/booking/mapper/BookingMapper.java:[31,59] cannot find symbol
  symbol:   method getBookingSeats()
  location: variable booking of type com.krushna.moviebooking.booking.entity.Booking
[ERROR] /C:/Users/acer/Downloads/booking-system/booking-system/booking-service/src/main/java/com/krushna/moviebooking/booking/repository/impl/RedisSeatLockRepositoryImpl.java:[37,43] cannot find symbol
  symbol:   method getShowId()
  location: variable seatLock of type com.krushna.moviebooking.booking.model.SeatLock
[ERROR] /C:/Users/acer/Downloads/booking-system/booking-system/booking-service/src/main/java/com/krushna/moviebooking/booking/repository/impl/RedisSeatLockRepositoryImpl.java:[37,65] cannot find symbol
  symbol:   method getSeatId()
  location: variable seatLock of type com.krushna.moviebooking.booking.model.SeatLock
[ERROR] /C:/Users/acer/Downloads/booking-system/booking-system/booking-service/src/main/java/com/krushna/moviebooking/booking/repository/impl/RedisSeatLockRepositoryImpl.java:[45,13] cannot find symbol
  symbol:   variable log
  location: class com.krushna.moviebooking.booking.repository.impl.RedisSeatLockRepositoryImpl
[ERROR] /C:/Users/acer/Downloads/booking-system/booking-system/booking-service/src/main/java/com/krushna/moviebooking/booking/repository/impl/RedisSeatLockRepositoryImpl.java:[60,13] cannot find symbol
  symbol:   variable log
  location: class com.krushna.moviebooking.booking.repository.impl.RedisSeatLockRepositoryImpl
[ERROR] /C:/Users/acer/Downloads/booking-system/booking-system/booking-service/src/main/java/com/krushna/moviebooking/booking/repository/impl/RedisSeatLockRepositoryImpl.java:[76,13] cannot find symbol
  symbol:   variable log
  location: class com.krushna.moviebooking.booking.repository.impl.RedisSeatLockRepositoryImpl
[ERROR] /C:/Users/acer/Downloads/booking-system/booking-system/booking-service/src/main/java/com/krushna/moviebooking/booking/repository/impl/RedisSeatLockRepositoryImpl.java:[93,13] cannot find symbol
  symbol:   variable log
  location: class com.krushna.moviebooking.booking.repository.impl.RedisSeatLockRepositoryImpl
[ERROR] /C:/Users/acer/Downloads/booking-system/booking-system/booking-service/src/main/java/com/krushna/moviebooking/booking/repository/impl/RedisSeatLockRepositoryImpl.java:[105,13] cannot find symbol
  symbol:   variable log
  location: class com.krushna.moviebooking.booking.repository.impl.RedisSeatLockRepositoryImpl
[ERROR] /C:/Users/acer/Downloads/booking-system/booking-system/booking-service/src/main/java/com/krushna/moviebooking/booking/repository/impl/RedisSeatLockRepositoryImpl.java:[116,13] cannot find symbol
  symbol:   variable log
  location: class com.krushna.moviebooking.booking.repository.impl.RedisSeatLockRepositoryImpl
[ERROR] /C:/Users/acer/Downloads/booking-system/booking-system/booking-service/src/main/java/com/krushna/moviebooking/booking/repository/impl/RedisSeatLockRepositoryImpl.java:[122,73] cannot find symbol
  symbol:   method getKeyPrefix()
  location: variable seatLockProperties of type com.krushna.moviebooking.booking.config.SeatLockProperties
[ERROR] /C:/Users/acer/Downloads/booking-system/booking-system/booking-service/src/main/java/com/krushna/moviebooking/booking/repository/impl/RedisSeatLockRepositoryImpl.java:[123,37] cannot find symbol
  symbol:   method getKeyPrefix()
  location: variable seatLockProperties of type com.krushna.moviebooking.booking.config.SeatLockProperties
[ERROR] /C:/Users/acer/Downloads/booking-system/booking-system/booking-service/src/main/java/com/krushna/moviebooking/booking/repository/impl/RedisSeatLockRepositoryImpl.java:[135,13] cannot find symbol
  symbol:   variable log
  location: class com.krushna.moviebooking.booking.repository.impl.RedisSeatLockRepositoryImpl
[ERROR] /C:/Users/acer/Downloads/booking-system/booking-system/booking-service/src/main/java/com/krushna/moviebooking/booking/repository/impl/RedisSeatLockRepositoryImpl.java:[137,29] cannot find symbol
  symbol:   method getUserId()
  location: variable seatLock of type com.krushna.moviebooking.booking.model.SeatLock
[ERROR] /C:/Users/acer/Downloads/booking-system/booking-system/booking-service/src/main/java/com/krushna/moviebooking/booking/repository/impl/RedisSeatLockRepositoryImpl.java:[137,51] cannot find symbol
  symbol:   method getLockToken()
  location: variable seatLock of type com.krushna.moviebooking.booking.model.SeatLock
[ERROR] /C:/Users/acer/Downloads/booking-system/booking-system/booking-service/src/main/java/com/krushna/moviebooking/booking/repository/impl/RedisSeatLockRepositoryImpl.java:[137,76] cannot find symbol
  symbol:   method getBookingReference()
  location: variable seatLock of type com.krushna.moviebooking.booking.model.SeatLock
[ERROR] /C:/Users/acer/Downloads/booking-system/booking-system/booking-service/src/main/java/com/krushna/moviebooking/booking/repository/impl/RedisSeatLockRepositoryImpl.java:[145,29] cannot find symbol
  symbol:   method getShowId()
  location: variable seatLock of type com.krushna.moviebooking.booking.model.SeatLock
[ERROR] /C:/Users/acer/Downloads/booking-system/booking-system/booking-service/src/main/java/com/krushna/moviebooking/booking/repository/impl/RedisSeatLockRepositoryImpl.java:[145,59] cannot find symbol
  symbol:   method setShowId(java.util.UUID)
  location: variable seatLock of type com.krushna.moviebooking.booking.model.SeatLock
[ERROR] /C:/Users/acer/Downloads/booking-system/booking-system/booking-service/src/main/java/com/krushna/moviebooking/booking/repository/impl/RedisSeatLockRepositoryImpl.java:[146,29] cannot find symbol
  symbol:   method getSeatId()
  location: variable seatLock of type com.krushna.moviebooking.booking.model.SeatLock
[ERROR] /C:/Users/acer/Downloads/booking-system/booking-system/booking-service/src/main/java/com/krushna/moviebooking/booking/repository/impl/RedisSeatLockRepositoryImpl.java:[146,59] cannot find symbol
  symbol:   method setSeatId(java.util.UUID)
  location: variable seatLock of type com.krushna.moviebooking.booking.model.SeatLock
[ERROR] /C:/Users/acer/Downloads/booking-system/booking-system/booking-service/src/main/java/com/krushna/moviebooking/booking/repository/impl/RedisSeatLockRepositoryImpl.java:[150,13] cannot find symbol
  symbol:   variable log
  location: class com.krushna.moviebooking.booking.repository.impl.RedisSeatLockRepositoryImpl
[ERROR] /C:/Users/acer/Downloads/booking-system/booking-system/booking-service/src/main/java/com/krushna/moviebooking/booking/repository/impl/RedisSeatLockRepositoryImpl.java:[164,24] cannot find symbol
  symbol:   method builder()
  location: class com.krushna.moviebooking.booking.model.SeatLock
[ERROR] /C:/Users/acer/Downloads/booking-system/booking-system/booking-service/src/main/java/com/krushna/moviebooking/booking/scheduler/BookingExpirationScheduler.java:[39,9] cannot find symbol
  symbol:   variable log
  location: class com.krushna.moviebooking.booking.scheduler.BookingExpirationScheduler
[ERROR] /C:/Users/acer/Downloads/booking-system/booking-system/booking-service/src/main/java/com/krushna/moviebooking/booking/scheduler/BookingExpirationScheduler.java:[50,13] cannot find symbol
  symbol:   variable log
  location: class com.krushna.moviebooking.booking.scheduler.BookingExpirationScheduler
[ERROR] /C:/Users/acer/Downloads/booking-system/booking-system/booking-service/src/main/java/com/krushna/moviebooking/booking/scheduler/BookingExpirationScheduler.java:[57,9] cannot find symbol
  symbol:   variable log
  location: class com.krushna.moviebooking.booking.scheduler.BookingExpirationScheduler
[ERROR] /C:/Users/acer/Downloads/booking-system/booking-system/booking-service/src/main/java/com/krushna/moviebooking/booking/scheduler/BookingExpirationScheduler.java:[60,70] cannot find symbol
  symbol:   method getId()
  location: variable booking of type com.krushna.moviebooking.booking.entity.Booking
[ERROR] /C:/Users/acer/Downloads/booking-system/booking-system/booking-service/src/main/java/com/krushna/moviebooking/booking/scheduler/BookingExpirationScheduler.java:[62,17] cannot find symbol
  symbol:   variable log
  location: class com.krushna.moviebooking.booking.scheduler.BookingExpirationScheduler
[ERROR] /C:/Users/acer/Downloads/booking-system/booking-system/booking-service/src/main/java/com/krushna/moviebooking/booking/scheduler/BookingExpirationScheduler.java:[62,85] cannot find symbol
  symbol:   method getId()
  location: variable booking of type com.krushna.moviebooking.booking.entity.Booking
[INFO] 100 errors 
[INFO] -------------------------------------------------------------
[INFO] ------------------------------------------------------------------------
[INFO] Reactor Summary for movie-booking-platform 1.0.0-SNAPSHOT:
[INFO] 
[INFO] movie-booking-platform ............................. SUCCESS [  0.388 s]
[INFO] common ............................................. SUCCESS [ 19.358 s]
[INFO] booking-service .................................... FAILURE [ 12.126 s]
[INFO] ------------------------------------------------------------------------
[INFO] BUILD FAILURE
[INFO] ------------------------------------------------------------------------
[INFO] Total time:  32.553 s
[INFO] Finished at: 2026-08-04T21:04:30+05:30
[INFO] ------------------------------------------------------------------------
[ERROR] Failed to execute goal org.apache.maven.plugins:maven-compiler-plugin:3.13.0:compile (default-compile) on project booking-service: Compilation failure: Compilation failure: 
[ERROR] /C:/Users/acer/Downloads/booking-system/booking-system/booking-service/src/main/java/com/krushna/moviebooking/booking/model/PagedResponse.java:[9,14] class PagedResponseCompat is public, should be declared in a file named PagedResponseCompat.java
[ERROR] /C:/Users/acer/Downloads/booking-system/booking-system/booking-service/src/main/java/com/krushna/moviebooking/booking/model/PagedResponseCompat.java:[9,14] duplicate class: com.krushna.moviebooking.booking.model.PagedResponseCompat
[ERROR] /C:/Users/acer/Downloads/booking-system/booking-system/booking-service/src/main/java/com/krushna/moviebooking/booking/client/DefaultPaymentClient.java:[19,9] cannot find symbol
[ERROR]   symbol:   variable log
[ERROR]   location: class com.krushna.moviebooking.booking.client.DefaultPaymentClient
[ERROR] /C:/Users/acer/Downloads/booking-system/booking-system/booking-service/src/main/java/com/krushna/moviebooking/booking/client/DefaultPaymentClient.java:[25,41] cannot find symbol
[ERROR]   symbol:   method builder()
[ERROR]   location: class com.krushna.moviebooking.booking.dto.PaymentInitiationResponse
[ERROR] /C:/Users/acer/Downloads/booking-system/booking-system/booking-service/src/main/java/com/krushna/moviebooking/booking/client/DefaultShowClient.java:[23,9] cannot find symbol
[ERROR]   symbol:   variable log
[ERROR]   location: class com.krushna.moviebooking.booking.client.DefaultShowClient
[ERROR] /C:/Users/acer/Downloads/booking-system/booking-system/booking-service/src/main/java/com/krushna/moviebooking/booking/client/DefaultShowClient.java:[29,9] cannot find symbol
[ERROR]   symbol:   variable log
[ERROR]   location: class com.krushna.moviebooking.booking.client.DefaultShowClient
[ERROR] /C:/Users/acer/Downloads/booking-system/booking-system/booking-service/src/main/java/com/krushna/moviebooking/booking/client/DefaultShowClient.java:[47,9] cannot find symbol
[ERROR]   symbol:   variable log
[ERROR]   location: class com.krushna.moviebooking.booking.client.DefaultShowClient
[ERROR] /C:/Users/acer/Downloads/booking-system/booking-system/booking-service/src/main/java/com/krushna/moviebooking/booking/client/DefaultShowClient.java:[77,9] cannot find symbol
[ERROR]   symbol:   variable log
[ERROR]   location: class com.krushna.moviebooking.booking.client.DefaultShowClient
[ERROR] /C:/Users/acer/Downloads/booking-system/booking-system/booking-service/src/main/java/com/krushna/moviebooking/booking/client/DefaultUserClient.java:[19,9] cannot find symbol
[ERROR]   symbol:   variable log
[ERROR]   location: class com.krushna.moviebooking.booking.client.DefaultUserClient
[ERROR] /C:/Users/acer/Downloads/booking-system/booking-system/booking-service/src/main/java/com/krushna/moviebooking/booking/client/DefaultUserClient.java:[25,9] cannot find symbol
[ERROR]   symbol:   variable log
[ERROR]   location: class com.krushna.moviebooking.booking.client.DefaultUserClient
[ERROR] /C:/Users/acer/Downloads/booking-system/booking-system/booking-service/src/main/java/com/krushna/moviebooking/booking/controller/BookingAdminController.java:[50,9] cannot find symbol
[ERROR]   symbol:   variable log
[ERROR]   location: class com.krushna.moviebooking.booking.controller.BookingAdminController
[ERROR] /C:/Users/acer/Downloads/booking-system/booking-system/booking-service/src/main/java/com/krushna/moviebooking/booking/controller/BookingAdminController.java:[66,9] cannot find symbol
[ERROR]   symbol:   variable log
[ERROR]   location: class com.krushna.moviebooking.booking.controller.BookingAdminController
[ERROR] /C:/Users/acer/Downloads/booking-system/booking-system/booking-service/src/main/java/com/krushna/moviebooking/booking/controller/BookingAdminController.java:[85,9] cannot find symbol
[ERROR]   symbol:   variable log
[ERROR]   location: class com.krushna.moviebooking.booking.controller.BookingAdminController
[ERROR] /C:/Users/acer/Downloads/booking-system/booking-system/booking-service/src/main/java/com/krushna/moviebooking/booking/controller/BookingController.java:[51,9] cannot find symbol
[ERROR]   symbol:   variable log
[ERROR]   location: class com.krushna.moviebooking.booking.controller.BookingController
[ERROR] /C:/Users/acer/Downloads/booking-system/booking-system/booking-service/src/main/java/com/krushna/moviebooking/booking/controller/BookingController.java:[68,9] cannot find symbol
[ERROR]   symbol:   variable log
[ERROR]   location: class com.krushna.moviebooking.booking.controller.BookingController
[ERROR] /C:/Users/acer/Downloads/booking-system/booking-system/booking-service/src/main/java/com/krushna/moviebooking/booking/controller/BookingController.java:[82,9] cannot find symbol
[ERROR]   symbol:   variable log
[ERROR]   location: class com.krushna.moviebooking.booking.controller.BookingController
[ERROR] /C:/Users/acer/Downloads/booking-system/booking-system/booking-service/src/main/java/com/krushna/moviebooking/booking/controller/BookingController.java:[99,9] cannot find symbol
[ERROR]   symbol:   variable log
[ERROR]   location: class com.krushna.moviebooking.booking.controller.BookingController
[ERROR] /C:/Users/acer/Downloads/booking-system/booking-system/booking-service/src/main/java/com/krushna/moviebooking/booking/controller/BookingController.java:[114,9] cannot find symbol
[ERROR]   symbol:   variable log
[ERROR]   location: class com.krushna.moviebooking.booking.controller.BookingController
[ERROR] /C:/Users/acer/Downloads/booking-system/booking-system/booking-service/src/main/java/com/krushna/moviebooking/booking/controller/BookingController.java:[129,9] cannot find symbol
[ERROR]   symbol:   variable log
[ERROR]   location: class com.krushna.moviebooking.booking.controller.BookingController
[ERROR] /C:/Users/acer/Downloads/booking-system/booking-system/booking-service/src/main/java/com/krushna/moviebooking/booking/controller/BookingController.java:[144,9] cannot find symbol
[ERROR]   symbol:   variable log
[ERROR]   location: class com.krushna.moviebooking.booking.controller.BookingController
[ERROR] /C:/Users/acer/Downloads/booking-system/booking-system/booking-service/src/main/java/com/krushna/moviebooking/booking/controller/BookingController.java:[153,9] cannot find symbol
[ERROR]   symbol:   variable log
[ERROR]   location: class com.krushna.moviebooking.booking.controller.BookingController
[ERROR] /C:/Users/acer/Downloads/booking-system/booking-system/booking-service/src/main/java/com/krushna/moviebooking/booking/controller/BookingController.java:[164,9] cannot find symbol
[ERROR]   symbol:   variable log
[ERROR]   location: class com.krushna.moviebooking.booking.controller.BookingController
[ERROR] /C:/Users/acer/Downloads/booking-system/booking-system/booking-service/src/main/java/com/krushna/moviebooking/booking/controller/BookingController.java:[183,9] cannot find symbol
[ERROR]   symbol:   variable log
[ERROR]   location: class com.krushna.moviebooking.booking.controller.BookingController
[ERROR] /C:/Users/acer/Downloads/booking-system/booking-system/booking-service/src/main/java/com/krushna/moviebooking/booking/event/BookingEventConsumer.java:[29,9] cannot find symbol
[ERROR]   symbol:   variable log
[ERROR]   location: class com.krushna.moviebooking.booking.event.BookingEventConsumer
[ERROR] /C:/Users/acer/Downloads/booking-system/booking-system/booking-service/src/main/java/com/krushna/moviebooking/booking/event/BookingEventConsumer.java:[33,13] cannot find symbol
[ERROR]   symbol:   variable log
[ERROR]   location: class com.krushna.moviebooking.booking.event.BookingEventConsumer
[ERROR] /C:/Users/acer/Downloads/booking-system/booking-system/booking-service/src/main/java/com/krushna/moviebooking/booking/event/BookingEventConsumer.java:[37,9] cannot find symbol
[ERROR]   symbol:   variable log
[ERROR]   location: class com.krushna.moviebooking.booking.event.BookingEventConsumer
[ERROR] /C:/Users/acer/Downloads/booking-system/booking-system/booking-service/src/main/java/com/krushna/moviebooking/booking/event/BookingEventConsumer.java:[47,9] cannot find symbol
[ERROR]   symbol:   variable log
[ERROR]   location: class com.krushna.moviebooking.booking.event.BookingEventConsumer
[ERROR] /C:/Users/acer/Downloads/booking-system/booking-system/booking-service/src/main/java/com/krushna/moviebooking/booking/event/BookingEventConsumer.java:[51,13] cannot find symbol
[ERROR]   symbol:   variable log
[ERROR]   location: class com.krushna.moviebooking.booking.event.BookingEventConsumer
[ERROR] /C:/Users/acer/Downloads/booking-system/booking-system/booking-service/src/main/java/com/krushna/moviebooking/booking/event/BookingEventConsumer.java:[55,9] cannot find symbol
[ERROR]   symbol:   variable log
[ERROR]   location: class com.krushna.moviebooking.booking.event.BookingEventConsumer
[ERROR] /C:/Users/acer/Downloads/booking-system/booking-system/booking-service/src/main/java/com/krushna/moviebooking/booking/event/BookingEventConsumer.java:[65,9] cannot find symbol
[ERROR]   symbol:   variable log
[ERROR]   location: class com.krushna.moviebooking.booking.event.BookingEventConsumer
[ERROR] /C:/Users/acer/Downloads/booking-system/booking-system/booking-service/src/main/java/com/krushna/moviebooking/booking/event/BookingEventConsumer.java:[69,13] cannot find symbol
[ERROR]   symbol:   variable log
[ERROR]   location: class com.krushna.moviebooking.booking.event.BookingEventConsumer
[ERROR] /C:/Users/acer/Downloads/booking-system/booking-system/booking-service/src/main/java/com/krushna/moviebooking/booking/event/BookingEventConsumer.java:[73,9] cannot find symbol
[ERROR]   symbol:   variable log
[ERROR]   location: class com.krushna.moviebooking.booking.event.BookingEventConsumer
[ERROR] /C:/Users/acer/Downloads/booking-system/booking-system/booking-service/src/main/java/com/krushna/moviebooking/booking/event/BookingEventConsumer.java:[83,9] cannot find symbol
[ERROR]   symbol:   variable log
[ERROR]   location: class com.krushna.moviebooking.booking.event.BookingEventConsumer
[ERROR] /C:/Users/acer/Downloads/booking-system/booking-system/booking-service/src/main/java/com/krushna/moviebooking/booking/event/BookingEventConsumer.java:[87,13] cannot find symbol
[ERROR]   symbol:   variable log
[ERROR]   location: class com.krushna.moviebooking.booking.event.BookingEventConsumer
[ERROR] /C:/Users/acer/Downloads/booking-system/booking-system/booking-service/src/main/java/com/krushna/moviebooking/booking/event/BookingEventConsumer.java:[91,9] cannot find symbol
[ERROR]   symbol:   variable log
[ERROR]   location: class com.krushna.moviebooking.booking.event.BookingEventConsumer
[ERROR] /C:/Users/acer/Downloads/booking-system/booking-system/booking-service/src/main/java/com/krushna/moviebooking/booking/event/BookingEventConsumer.java:[107,9] cannot find symbol
[ERROR]   symbol:   variable log
[ERROR]   location: class com.krushna.moviebooking.booking.event.BookingEventConsumer
[ERROR] /C:/Users/acer/Downloads/booking-system/booking-system/booking-service/src/main/java/com/krushna/moviebooking/booking/idempotency/IdempotencyService.java:[28,13] cannot find symbol
[ERROR]   symbol:   variable log
[ERROR]   location: class com.krushna.moviebooking.booking.idempotency.IdempotencyService
[ERROR] /C:/Users/acer/Downloads/booking-system/booking-system/booking-service/src/main/java/com/krushna/moviebooking/booking/idempotency/IdempotencyService.java:[41,55] cannot find symbol
[ERROR]   symbol:   method builder()
[ERROR]   location: class com.krushna.moviebooking.booking.idempotency.ProcessedEvent
[ERROR] /C:/Users/acer/Downloads/booking-system/booking-system/booking-service/src/main/java/com/krushna/moviebooking/booking/idempotency/IdempotencyService.java:[47,9] cannot find symbol
[ERROR]   symbol:   variable log
[ERROR]   location: class com.krushna.moviebooking.booking.idempotency.IdempotencyService
[ERROR] /C:/Users/acer/Downloads/booking-system/booking-system/booking-service/src/main/java/com/krushna/moviebooking/booking/event/KafkaBookingEventPublisher.java:[27,9] cannot find symbol
[ERROR]   symbol:   variable log
[ERROR]   location: class com.krushna.moviebooking.booking.event.KafkaBookingEventPublisher
[ERROR] /C:/Users/acer/Downloads/booking-system/booking-system/booking-service/src/main/java/com/krushna/moviebooking/booking/event/KafkaBookingEventPublisher.java:[35,9] cannot find symbol
[ERROR]   symbol:   variable log
[ERROR]   location: class com.krushna.moviebooking.booking.event.KafkaBookingEventPublisher
[ERROR] /C:/Users/acer/Downloads/booking-system/booking-system/booking-service/src/main/java/com/krushna/moviebooking/booking/event/KafkaBookingEventPublisher.java:[43,9] cannot find symbol
[ERROR]   symbol:   variable log
[ERROR]   location: class com.krushna.moviebooking.booking.event.KafkaBookingEventPublisher
[ERROR] /C:/Users/acer/Downloads/booking-system/booking-system/booking-service/src/main/java/com/krushna/moviebooking/booking/event/KafkaBookingEventPublisher.java:[51,9] cannot find symbol
[ERROR]   symbol:   variable log
[ERROR]   location: class com.krushna.moviebooking.booking.event.KafkaBookingEventPublisher
[ERROR] /C:/Users/acer/Downloads/booking-system/booking-system/booking-service/src/main/java/com/krushna/moviebooking/booking/event/KafkaBookingEventPublisher.java:[59,9] cannot find symbol
[ERROR]   symbol:   variable log
[ERROR]   location: class com.krushna.moviebooking.booking.event.KafkaBookingEventPublisher
[ERROR] /C:/Users/acer/Downloads/booking-system/booking-system/booking-service/src/main/java/com/krushna/moviebooking/booking/event/KafkaBookingEventPublisher.java:[77,21] cannot find symbol
[ERROR]   symbol:   variable log
[ERROR]   location: class com.krushna.moviebooking.booking.event.KafkaBookingEventPublisher
[ERROR] /C:/Users/acer/Downloads/booking-system/booking-system/booking-service/src/main/java/com/krushna/moviebooking/booking/event/KafkaBookingEventPublisher.java:[80,21] cannot find symbol
[ERROR]   symbol:   variable log
[ERROR]   location: class com.krushna.moviebooking.booking.event.KafkaBookingEventPublisher
[ERROR] /C:/Users/acer/Downloads/booking-system/booking-system/booking-service/src/main/java/com/krushna/moviebooking/booking/event/KafkaBookingEventPublisher.java:[85,13] cannot find symbol
[ERROR]   symbol:   variable log
[ERROR]   location: class com.krushna.moviebooking.booking.event.KafkaBookingEventPublisher
[ERROR] /C:/Users/acer/Downloads/booking-system/booking-system/booking-service/src/main/java/com/krushna/moviebooking/booking/outbox/OutboxEventService.java:[27,50] cannot find symbol
[ERROR]   symbol:   method builder()
[ERROR]   location: class com.krushna.moviebooking.booking.outbox.OutboxEvent
[ERROR] /C:/Users/acer/Downloads/booking-system/booking-system/booking-service/src/main/java/com/krushna/moviebooking/booking/outbox/OutboxEventService.java:[36,13] cannot find symbol
[ERROR]   symbol:   variable log
[ERROR]   location: class com.krushna.moviebooking.booking.outbox.OutboxEventService
[ERROR] /C:/Users/acer/Downloads/booking-system/booking-system/booking-service/src/main/java/com/krushna/moviebooking/booking/outbox/OutboxEventService.java:[37,26] cannot find symbol
[ERROR]   symbol:   method getId()
[ERROR]   location: variable saved of type com.krushna.moviebooking.booking.outbox.OutboxEvent
[ERROR] /C:/Users/acer/Downloads/booking-system/booking-system/booking-service/src/main/java/com/krushna/moviebooking/booking/outbox/OutboxEventService.java:[40,13] cannot find symbol
[ERROR]   symbol:   variable log
[ERROR]   location: class com.krushna.moviebooking.booking.outbox.OutboxEventService
[ERROR] /C:/Users/acer/Downloads/booking-system/booking-system/booking-service/src/main/java/com/krushna/moviebooking/booking/outbox/OutboxEventService.java:[52,20] cannot find symbol
[ERROR]   symbol:   method setStatus(java.lang.String)
[ERROR]   location: variable outboxEvent of type com.krushna.moviebooking.booking.outbox.OutboxEvent
[ERROR] /C:/Users/acer/Downloads/booking-system/booking-system/booking-service/src/main/java/com/krushna/moviebooking/booking/outbox/OutboxEventService.java:[53,20] cannot find symbol
[ERROR]   symbol:   method setProcessedAt(java.time.Instant)
[ERROR]   location: variable outboxEvent of type com.krushna.moviebooking.booking.outbox.OutboxEvent
[ERROR] /C:/Users/acer/Downloads/booking-system/booking-system/booking-service/src/main/java/com/krushna/moviebooking/booking/outbox/OutboxEventService.java:[55,9] cannot find symbol
[ERROR]   symbol:   variable log
[ERROR]   location: class com.krushna.moviebooking.booking.outbox.OutboxEventService
[ERROR] /C:/Users/acer/Downloads/booking-system/booking-system/booking-service/src/main/java/com/krushna/moviebooking/booking/outbox/OutboxEventService.java:[55,89] cannot find symbol
[ERROR]   symbol:   method getId()
[ERROR]   location: variable outboxEvent of type com.krushna.moviebooking.booking.outbox.OutboxEvent
[ERROR] /C:/Users/acer/Downloads/booking-system/booking-system/booking-service/src/main/java/com/krushna/moviebooking/booking/outbox/OutboxEventService.java:[60,20] cannot find symbol
[ERROR]   symbol:   method setStatus(java.lang.String)
[ERROR]   location: variable outboxEvent of type com.krushna.moviebooking.booking.outbox.OutboxEvent
[ERROR] /C:/Users/acer/Downloads/booking-system/booking-system/booking-service/src/main/java/com/krushna/moviebooking/booking/outbox/OutboxEventService.java:[61,46] cannot find symbol
[ERROR]   symbol:   method getRetryCount()
[ERROR]   location: variable outboxEvent of type com.krushna.moviebooking.booking.outbox.OutboxEvent
[ERROR] /C:/Users/acer/Downloads/booking-system/booking-system/booking-service/src/main/java/com/krushna/moviebooking/booking/outbox/OutboxEventService.java:[62,20] cannot find symbol
[ERROR]   symbol:   method setErrorMessage(java.lang.String)
[ERROR]   location: variable outboxEvent of type com.krushna.moviebooking.booking.outbox.OutboxEvent
[ERROR] /C:/Users/acer/Downloads/booking-system/booking-system/booking-service/src/main/java/com/krushna/moviebooking/booking/outbox/OutboxEventService.java:[64,9] cannot find symbol
[ERROR]   symbol:   variable log
[ERROR]   location: class com.krushna.moviebooking.booking.outbox.OutboxEventService
[ERROR] /C:/Users/acer/Downloads/booking-system/booking-system/booking-service/src/main/java/com/krushna/moviebooking/booking/outbox/OutboxEventService.java:[64,96] cannot find symbol
[ERROR]   symbol:   method getId()
[ERROR]   location: variable outboxEvent of type com.krushna.moviebooking.booking.outbox.OutboxEvent
[ERROR] /C:/Users/acer/Downloads/booking-system/booking-system/booking-service/src/main/java/com/krushna/moviebooking/booking/exception/BookingExceptionHandler.java:[29,9] cannot find symbol
[ERROR]   symbol:   variable log
[ERROR]   location: class com.krushna.moviebooking.booking.exception.BookingExceptionHandler
[ERROR] /C:/Users/acer/Downloads/booking-system/booking-system/booking-service/src/main/java/com/krushna/moviebooking/booking/exception/BookingExceptionHandler.java:[35,9] cannot find symbol
[ERROR]   symbol:   variable log
[ERROR]   location: class com.krushna.moviebooking.booking.exception.BookingExceptionHandler
[ERROR] /C:/Users/acer/Downloads/booking-system/booking-system/booking-service/src/main/java/com/krushna/moviebooking/booking/exception/BookingExceptionHandler.java:[41,9] cannot find symbol
[ERROR]   symbol:   variable log
[ERROR]   location: class com.krushna.moviebooking.booking.exception.BookingExceptionHandler
[ERROR] /C:/Users/acer/Downloads/booking-system/booking-system/booking-service/src/main/java/com/krushna/moviebooking/booking/exception/BookingExceptionHandler.java:[47,9] cannot find symbol
[ERROR]   symbol:   variable log
[ERROR]   location: class com.krushna.moviebooking.booking.exception.BookingExceptionHandler
[ERROR] /C:/Users/acer/Downloads/booking-system/booking-system/booking-service/src/main/java/com/krushna/moviebooking/booking/exception/BookingExceptionHandler.java:[53,9] cannot find symbol
[ERROR]   symbol:   variable log
[ERROR]   location: class com.krushna.moviebooking.booking.exception.BookingExceptionHandler
[ERROR] /C:/Users/acer/Downloads/booking-system/booking-system/booking-service/src/main/java/com/krushna/moviebooking/booking/exception/BookingExceptionHandler.java:[59,9] cannot find symbol
[ERROR]   symbol:   variable log
[ERROR]   location: class com.krushna.moviebooking.booking.exception.BookingExceptionHandler
[ERROR] /C:/Users/acer/Downloads/booking-system/booking-system/booking-service/src/main/java/com/krushna/moviebooking/booking/exception/BookingExceptionHandler.java:[65,9] cannot find symbol
[ERROR]   symbol:   variable log
[ERROR]   location: class com.krushna.moviebooking.booking.exception.BookingExceptionHandler
[ERROR] /C:/Users/acer/Downloads/booking-system/booking-system/booking-service/src/main/java/com/krushna/moviebooking/booking/exception/BookingExceptionHandler.java:[71,9] cannot find symbol
[ERROR]   symbol:   variable log
[ERROR]   location: class com.krushna.moviebooking.booking.exception.BookingExceptionHandler
[ERROR] /C:/Users/acer/Downloads/booking-system/booking-system/booking-service/src/main/java/com/krushna/moviebooking/booking/exception/BookingExceptionHandler.java:[77,9] cannot find symbol
[ERROR]   symbol:   variable log
[ERROR]   location: class com.krushna.moviebooking.booking.exception.BookingExceptionHandler
[ERROR] /C:/Users/acer/Downloads/booking-system/booking-system/booking-service/src/main/java/com/krushna/moviebooking/booking/exception/BookingExceptionHandler.java:[83,9] cannot find symbol
[ERROR]   symbol:   variable log
[ERROR]   location: class com.krushna.moviebooking.booking.exception.BookingExceptionHandler
[ERROR] /C:/Users/acer/Downloads/booking-system/booking-system/booking-service/src/main/java/com/krushna/moviebooking/booking/exception/BookingExceptionHandler.java:[93,9] cannot find symbol
[ERROR]   symbol:   variable log
[ERROR]   location: class com.krushna.moviebooking.booking.exception.BookingExceptionHandler
[ERROR] /C:/Users/acer/Downloads/booking-system/booking-system/booking-service/src/main/java/com/krushna/moviebooking/booking/exception/BookingExceptionHandler.java:[108,9] cannot find symbol
[ERROR]   symbol:   variable log
[ERROR]   location: class com.krushna.moviebooking.booking.exception.BookingExceptionHandler
[ERROR] /C:/Users/acer/Downloads/booking-system/booking-system/booking-service/src/main/java/com/krushna/moviebooking/booking/mapper/BookingMapper.java:[31,23] cannot find symbol
[ERROR]   symbol:   method getBookingSeats()
[ERROR]   location: variable booking of type com.krushna.moviebooking.booking.entity.Booking
[ERROR] /C:/Users/acer/Downloads/booking-system/booking-system/booking-service/src/main/java/com/krushna/moviebooking/booking/mapper/BookingMapper.java:[31,59] cannot find symbol
[ERROR]   symbol:   method getBookingSeats()
[ERROR]   location: variable booking of type com.krushna.moviebooking.booking.entity.Booking
[ERROR] /C:/Users/acer/Downloads/booking-system/booking-system/booking-service/src/main/java/com/krushna/moviebooking/booking/repository/impl/RedisSeatLockRepositoryImpl.java:[37,43] cannot find symbol
[ERROR]   symbol:   method getShowId()
[ERROR]   location: variable seatLock of type com.krushna.moviebooking.booking.model.SeatLock
[ERROR] /C:/Users/acer/Downloads/booking-system/booking-system/booking-service/src/main/java/com/krushna/moviebooking/booking/repository/impl/RedisSeatLockRepositoryImpl.java:[37,65] cannot find symbol
[ERROR]   symbol:   method getSeatId()
[ERROR]   location: variable seatLock of type com.krushna.moviebooking.booking.model.SeatLock
[ERROR] /C:/Users/acer/Downloads/booking-system/booking-system/booking-service/src/main/java/com/krushna/moviebooking/booking/repository/impl/RedisSeatLockRepositoryImpl.java:[45,13] cannot find symbol
[ERROR]   symbol:   variable log
[ERROR]   location: class com.krushna.moviebooking.booking.repository.impl.RedisSeatLockRepositoryImpl
[ERROR] /C:/Users/acer/Downloads/booking-system/booking-system/booking-service/src/main/java/com/krushna/moviebooking/booking/repository/impl/RedisSeatLockRepositoryImpl.java:[60,13] cannot find symbol
[ERROR]   symbol:   variable log
[ERROR]   location: class com.krushna.moviebooking.booking.repository.impl.RedisSeatLockRepositoryImpl
[ERROR] /C:/Users/acer/Downloads/booking-system/booking-system/booking-service/src/main/java/com/krushna/moviebooking/booking/repository/impl/RedisSeatLockRepositoryImpl.java:[76,13] cannot find symbol
[ERROR]   symbol:   variable log
[ERROR]   location: class com.krushna.moviebooking.booking.repository.impl.RedisSeatLockRepositoryImpl
[ERROR] /C:/Users/acer/Downloads/booking-system/booking-system/booking-service/src/main/java/com/krushna/moviebooking/booking/repository/impl/RedisSeatLockRepositoryImpl.java:[93,13] cannot find symbol
[ERROR]   symbol:   variable log
[ERROR]   location: class com.krushna.moviebooking.booking.repository.impl.RedisSeatLockRepositoryImpl
[ERROR] /C:/Users/acer/Downloads/booking-system/booking-system/booking-service/src/main/java/com/krushna/moviebooking/booking/repository/impl/RedisSeatLockRepositoryImpl.java:[105,13] cannot find symbol
[ERROR]   symbol:   variable log
[ERROR]   location: class com.krushna.moviebooking.booking.repository.impl.RedisSeatLockRepositoryImpl
[ERROR] /C:/Users/acer/Downloads/booking-system/booking-system/booking-service/src/main/java/com/krushna/moviebooking/booking/repository/impl/RedisSeatLockRepositoryImpl.java:[116,13] cannot find symbol
[ERROR]   symbol:   variable log
[ERROR]   location: class com.krushna.moviebooking.booking.repository.impl.RedisSeatLockRepositoryImpl
[ERROR] /C:/Users/acer/Downloads/booking-system/booking-system/booking-service/src/main/java/com/krushna/moviebooking/booking/repository/impl/RedisSeatLockRepositoryImpl.java:[122,73] cannot find symbol
[ERROR]   symbol:   method getKeyPrefix()
[ERROR]   location: variable seatLockProperties of type com.krushna.moviebooking.booking.config.SeatLockProperties
[ERROR] /C:/Users/acer/Downloads/booking-system/booking-system/booking-service/src/main/java/com/krushna/moviebooking/booking/repository/impl/RedisSeatLockRepositoryImpl.java:[123,37] cannot find symbol
[ERROR]   symbol:   method getKeyPrefix()
[ERROR]   location: variable seatLockProperties of type com.krushna.moviebooking.booking.config.SeatLockProperties
[ERROR] /C:/Users/acer/Downloads/booking-system/booking-system/booking-service/src/main/java/com/krushna/moviebooking/booking/repository/impl/RedisSeatLockRepositoryImpl.java:[135,13] cannot find symbol
[ERROR]   symbol:   variable log
[ERROR]   location: class com.krushna.moviebooking.booking.repository.impl.RedisSeatLockRepositoryImpl
[ERROR] /C:/Users/acer/Downloads/booking-system/booking-system/booking-service/src/main/java/com/krushna/moviebooking/booking/repository/impl/RedisSeatLockRepositoryImpl.java:[137,29] cannot find symbol
[ERROR]   symbol:   method getUserId()
[ERROR]   location: variable seatLock of type com.krushna.moviebooking.booking.model.SeatLock
[ERROR] /C:/Users/acer/Downloads/booking-system/booking-system/booking-service/src/main/java/com/krushna/moviebooking/booking/repository/impl/RedisSeatLockRepositoryImpl.java:[137,51] cannot find symbol
[ERROR]   symbol:   method getLockToken()
[ERROR]   location: variable seatLock of type com.krushna.moviebooking.booking.model.SeatLock
[ERROR] /C:/Users/acer/Downloads/booking-system/booking-system/booking-service/src/main/java/com/krushna/moviebooking/booking/repository/impl/RedisSeatLockRepositoryImpl.java:[137,76] cannot find symbol
[ERROR]   symbol:   method getBookingReference()
[ERROR]   location: variable seatLock of type com.krushna.moviebooking.booking.model.SeatLock
[ERROR] /C:/Users/acer/Downloads/booking-system/booking-system/booking-service/src/main/java/com/krushna/moviebooking/booking/repository/impl/RedisSeatLockRepositoryImpl.java:[145,29] cannot find symbol
[ERROR]   symbol:   method getShowId()
[ERROR]   location: variable seatLock of type com.krushna.moviebooking.booking.model.SeatLock
[ERROR] /C:/Users/acer/Downloads/booking-system/booking-system/booking-service/src/main/java/com/krushna/moviebooking/booking/repository/impl/RedisSeatLockRepositoryImpl.java:[145,59] cannot find symbol
[ERROR]   symbol:   method setShowId(java.util.UUID)
[ERROR]   location: variable seatLock of type com.krushna.moviebooking.booking.model.SeatLock
[ERROR] /C:/Users/acer/Downloads/booking-system/booking-system/booking-service/src/main/java/com/krushna/moviebooking/booking/repository/impl/RedisSeatLockRepositoryImpl.java:[146,29] cannot find symbol
[ERROR]   symbol:   method getSeatId()
[ERROR]   location: variable seatLock of type com.krushna.moviebooking.booking.model.SeatLock
[ERROR] /C:/Users/acer/Downloads/booking-system/booking-system/booking-service/src/main/java/com/krushna/moviebooking/booking/repository/impl/RedisSeatLockRepositoryImpl.java:[146,59] cannot find symbol
[ERROR]   symbol:   method setSeatId(java.util.UUID)
[ERROR]   location: variable seatLock of type com.krushna.moviebooking.booking.model.SeatLock
[ERROR] /C:/Users/acer/Downloads/booking-system/booking-system/booking-service/src/main/java/com/krushna/moviebooking/booking/repository/impl/RedisSeatLockRepositoryImpl.java:[150,13] cannot find symbol
[ERROR]   symbol:   variable log
[ERROR]   location: class com.krushna.moviebooking.booking.repository.impl.RedisSeatLockRepositoryImpl
[ERROR] /C:/Users/acer/Downloads/booking-system/booking-system/booking-service/src/main/java/com/krushna/moviebooking/booking/repository/impl/RedisSeatLockRepositoryImpl.java:[164,24] cannot find symbol
[ERROR]   symbol:   method builder()
[ERROR]   location: class com.krushna.moviebooking.booking.model.SeatLock
[ERROR] /C:/Users/acer/Downloads/booking-system/booking-system/booking-service/src/main/java/com/krushna/moviebooking/booking/scheduler/BookingExpirationScheduler.java:[39,9] cannot find symbol
[ERROR]   symbol:   variable log
[ERROR]   location: class com.krushna.moviebooking.booking.scheduler.BookingExpirationScheduler
[ERROR] /C:/Users/acer/Downloads/booking-system/booking-system/booking-service/src/main/java/com/krushna/moviebooking/booking/scheduler/BookingExpirationScheduler.java:[50,13] cannot find symbol
[ERROR]   symbol:   variable log
[ERROR]   location: class com.krushna.moviebooking.booking.scheduler.BookingExpirationScheduler
[ERROR] /C:/Users/acer/Downloads/booking-system/booking-system/booking-service/src/main/java/com/krushna/moviebooking/booking/scheduler/BookingExpirationScheduler.java:[57,9] cannot find symbol
[ERROR]   symbol:   variable log
[ERROR]   location: class com.krushna.moviebooking.booking.scheduler.BookingExpirationScheduler
[ERROR] /C:/Users/acer/Downloads/booking-system/booking-system/booking-service/src/main/java/com/krushna/moviebooking/booking/scheduler/BookingExpirationScheduler.java:[60,70] cannot find symbol
[ERROR]   symbol:   method getId()
[ERROR]   location: variable booking of type com.krushna.moviebooking.booking.entity.Booking
[ERROR] /C:/Users/acer/Downloads/booking-system/booking-system/booking-service/src/main/java/com/krushna/moviebooking/booking/scheduler/BookingExpirationScheduler.java:[62,17] cannot find symbol
[ERROR]   symbol:   variable log
[ERROR]   location: class com.krushna.moviebooking.booking.scheduler.BookingExpirationScheduler
[ERROR] /C:/Users/acer/Downloads/booking-system/booking-system/booking-service/src/main/java/com/krushna/moviebooking/booking/scheduler/BookingExpirationScheduler.java:[62,85] cannot find symbol
[ERROR]   symbol:   method getId()
[ERROR]   location: variable booking of type com.krushna.moviebooking.booking.entity.Booking
[ERROR] -> [Help 1]
org.apache.maven.lifecycle.LifecycleExecutionException: Failed to execute goal org.apache.maven.plugins:maven-compiler-plugin:3.13.0:compile (default-compile) on project booking-service: Compilation failure
    at org.apache.maven.lifecycle.internal.MojoExecutor.doExecute2 (MojoExecutor.java:333)
    at org.apache.maven.lifecycle.internal.MojoExecutor.doExecute (MojoExecutor.java:316)
    at org.apache.maven.lifecycle.internal.MojoExecutor.execute (MojoExecutor.java:212)
    at org.apache.maven.lifecycle.internal.MojoExecutor.execute (MojoExecutor.java:174)
    at org.apache.maven.lifecycle.internal.MojoExecutor.access$000 (MojoExecutor.java:75)
    at org.apache.maven.lifecycle.internal.MojoExecutor$1.run (MojoExecutor.java:162)
    at org.apache.maven.plugin.DefaultMojosExecutionStrategy.execute (DefaultMojosExecutionStrategy.java:39)
    at org.apache.maven.lifecycle.internal.MojoExecutor.execute (MojoExecutor.java:159)
    at org.apache.maven.lifecycle.internal.LifecycleModuleBuilder.buildProject (LifecycleModuleBuilder.java:105)
    at org.apache.maven.lifecycle.internal.LifecycleModuleBuilder.buildProject (LifecycleModuleBuilder.java:73)
    at org.apache.maven.lifecycle.internal.builder.singlethreaded.SingleThreadedBuilder.build (SingleThreadedBuilder.java:53)
    at org.apache.maven.lifecycle.internal.LifecycleStarter.execute (LifecycleStarter.java:118)
    at org.apache.maven.DefaultMaven.doExecute (DefaultMaven.java:261)
    at org.apache.maven.DefaultMaven.doExecute (DefaultMaven.java:173)
    at org.apache.maven.DefaultMaven.execute (DefaultMaven.java:101)
    at org.apache.maven.cli.MavenCli.execute (MavenCli.java:919)
    at org.apache.maven.cli.MavenCli.doMain (MavenCli.java:285)
    at org.apache.maven.cli.MavenCli.main (MavenCli.java:207)
    at jdk.internal.reflect.DirectMethodHandleAccessor.invoke (DirectMethodHandleAccessor.java:103)
    at java.lang.reflect.Method.invoke (Method.java:580)
    at org.codehaus.plexus.classworlds.launcher.Launcher.launchEnhanced (Launcher.java:255)
    at org.codehaus.plexus.classworlds.launcher.Launcher.launch (Launcher.java:201)
    at org.codehaus.plexus.classworlds.launcher.Launcher.mainWithExitCode (Launcher.java:362)
    at org.codehaus.plexus.classworlds.launcher.Launcher.main (Launcher.java:314)
Caused by: org.apache.maven.plugin.compiler.CompilationFailureException: Compilation failure
    at org.apache.maven.plugin.compiler.AbstractCompilerMojo.execute (AbstractCompilerMojo.java:1309)
    at org.apache.maven.plugin.compiler.CompilerMojo.execute (CompilerMojo.java:215)
    at org.apache.maven.plugin.DefaultBuildPluginManager.executeMojo (DefaultBuildPluginManager.java:126)
    at org.apache.maven.lifecycle.internal.MojoExecutor.doExecute2 (MojoExecutor.java:328)
    at org.apache.maven.lifecycle.internal.MojoExecutor.doExecute (MojoExecutor.java:316)
    at org.apache.maven.lifecycle.internal.MojoExecutor.execute (MojoExecutor.java:212)
    at org.apache.maven.lifecycle.internal.MojoExecutor.execute (MojoExecutor.java:174)
    at org.apache.maven.lifecycle.internal.MojoExecutor.access$000 (MojoExecutor.java:75)
    at org.apache.maven.lifecycle.internal.MojoExecutor$1.run (MojoExecutor.java:162)
    at org.apache.maven.plugin.DefaultMojosExecutionStrategy.execute (DefaultMojosExecutionStrategy.java:39)
    at org.apache.maven.lifecycle.internal.MojoExecutor.execute (MojoExecutor.java:159)
    at org.apache.maven.lifecycle.internal.LifecycleModuleBuilder.buildProject (LifecycleModuleBuilder.java:105)
    at org.apache.maven.lifecycle.internal.LifecycleModuleBuilder.buildProject (LifecycleModuleBuilder.java:73)
    at org.apache.maven.lifecycle.internal.builder.singlethreaded.SingleThreadedBuilder.build (SingleThreadedBuilder.java:53)
    at org.apache.maven.lifecycle.internal.LifecycleStarter.execute (LifecycleStarter.java:118)
    at org.apache.maven.DefaultMaven.doExecute (DefaultMaven.java:261)
    at org.apache.maven.DefaultMaven.doExecute (DefaultMaven.java:173)
    at org.apache.maven.DefaultMaven.execute (DefaultMaven.java:101)
    at org.apache.maven.cli.MavenCli.execute (MavenCli.java:919)
    at org.apache.maven.cli.MavenCli.doMain (MavenCli.java:285)
    at org.apache.maven.cli.MavenCli.main (MavenCli.java:207)
    at jdk.internal.reflect.DirectMethodHandleAccessor.invoke (DirectMethodHandleAccessor.java:103)
    at java.lang.reflect.Method.invoke (Method.java:580)
    at org.codehaus.plexus.classworlds.launcher.Launcher.launchEnhanced (Launcher.java:255)
    at org.codehaus.plexus.classworlds.launcher.Launcher.launch (Launcher.java:201)
    at org.codehaus.plexus.classworlds.launcher.Launcher.mainWithExitCode (Launcher.java:362)
    at org.codehaus.plexus.classworlds.launcher.Launcher.main (Launcher.java:314)
[ERROR] 
[ERROR] 
[ERROR] For more information about the errors and possible solutions, please read the following articles:
[ERROR] [Help 1] http://cwiki.apache.org/confluence/display/MAVEN/MojoFailureException
[ERROR] 
[ERROR] After correcting the problems, you can resume the build with the command
[ERROR]   mvn <args> -rf :booking-service
[DEBUG] Shutting down adapter factory; available factories [file-lock, rwlock-local, semaphore-local, noop]; available name mappers [discriminating, file-gaecv, file-gav, file-hgaecv, file-hgav, file-static, gaecv, gav, static]
[DEBUG] Shutting down 'file-lock' factory
[DEBUG] Shutting down 'rwlock-local' factory
[DEBUG] Shutting down 'semaphore-local' factory
[DEBUG] Shutting down 'noop' factory
